record_kind,epoch,run,file,bytes,open_us,write_us,flush_us,close_us,rename_us,read_verify_us,delete_us,free_before,free_after,verify,sha256,retained
IO,16a5354bbfd590933f18a093dd4f154b,16a5354b,io-64-00,65536,1824,608681,152969,109,59894,33527,0,14229504,14163968,pass,45e8f7ec7c3c53cc55c7a8c38cecebdb800ea0eb96e690294f85e7c11b5b590e,yes
IO,16a5354bbfd590933f18a093dd4f154b,16a5354b,io-64-01,65536,1812,597044,142973,113,59731,33526,166635,14163968,14163968,pass,058ba83081932b6b803c8c35a5b8306cc91d69da68a31c73a7440e1468c4389e,no
IO,16a5354bbfd590933f18a093dd4f154b,16a5354b,io-64-02,65536,1802,610678,222966,110,59899,33523,166477,14163968,14163968,pass,119a84b89834eab0d60ed3a97c6e7268fbf4602fba1810b56c8d99fe8ddd9523,no
IO,16a5354bbfd590933f18a093dd4f154b,16a5354b,io-64-03,65536,1799,620662,152968,109,59899,33518,166479,14163968,14163968,pass,5b514ecb82fe1c6b38c8bbf8738c521f79d284bf4c7be235f707f2920ba58116,no
IO,16a5354bbfd590933f18a093dd4f154b,16a5354b,io-64-04,65536,1801,620666,232966,110,59899,33515,166482,14163968,14163968,pass,bf768e72705fbc79c580c8ca4f4aeaa987c20de9a1541a205c7496e1e8147d85,no
IO,16a5354bbfd590933f18a093dd4f154b,16a5354b,io-64-05,65536,1799,620657,162968,108,59900,33520,166478,14163968,14163968,pass,a604547efd391ce664d485855d80708c02bb33699e4a0ef2233fbef4119582dc,no
IO,16a5354bbfd590933f18a093dd4f154b,16a5354b,io-64-06,65536,1801,620664,232963,110,59900,33517,166485,14163968,14163968,pass,92320c1f2f964478ee4f76c88bbc563c8a6c132e382c4b2af5894f2dbd7f908e,no
IO,16a5354bbfd590933f18a093dd4f154b,16a5354b,io-64-07,65536,1799,620656,162964,109,59903,33518,166480,14163968,14163968,pass,def2bf8a82cfda62700c44b40f42e773eaaeb09e3a36211a492aecdbbd85cb62,no
IO,16a5354bbfd590933f18a093dd4f154b,16a5354b,io-64-08,65536,1800,630666,232965,110,59898,33518,166483,14163968,14163968,pass,a932c0e8e1ad79c4fd12951758aa85ec8fe8304a7ebbf3cbf9b70e053ffda6a6,no
IO,16a5354bbfd590933f18a093dd4f154b,16a5354b,io-64-09,65536,1799,690658,162968,108,59900,33513,166485,14163968,14163968,pass,8c4fe6f41478fe98bb6630ddd7fed337b0bc5ff81fad7df89c197230757ff2b6,no
IO,16a5354bbfd590933f18a093dd4f154b,16a5354b,io-64-10,65536,1803,697935,245696,111,59899,33520,0,14163968,14098432,pass,5ff1f3da8787765c9f370e6adc94ce1ea6c043206424730ed398e0f4cb72c61e,yes
IO,16a5354bbfd590933f18a093dd4f154b,16a5354b,io-64-11,65536,1806,467071,162969,111,59891,33521,166481,14098432,14098432,pass,883660927867b6d5d20c5cf71056073d2742a7882dd0578c9227eec144901076,no
IO,16a5354bbfd590933f18a093dd4f154b,16a5354b,io-64-12,65536,1799,461514,162136,108,59900,33506,246492,14098432,14098432,pass,488481c7c15c85d9c0e9a64fe987cb059086129a7d62d6b2fd5ed943b5be4831,no
IO,16a5354bbfd590933f18a093dd4f154b,16a5354b,io-64-13,65536,1802,510645,172966,110,69896,33520,166481,14098432,14098432,pass,21e075a7904fb482cf47e007c7e70dc893c88eff705bb16c13247a64badd64cf,no
IO,16a5354bbfd590933f18a093dd4f154b,16a5354b,io-64-14,65536,1802,530675,172966,109,69898,33520,266479,14098432,14098432,pass,98f9ab92ecb8378ebccc81c013045d37c1a5b493d07376f0b2ad0a779590871b,no
IO,16a5354bbfd590933f18a093dd4f154b,16a5354b,io-64-15,65536,1799,630639,172965,110,59895,33504,166496,14098432,14098432,pass,be4e0242ae84aba736622bd0372dee5219303d6ebd4d4217ed2aa8d19993c968,no
IO,16a5354bbfd590933f18a093dd4f154b,16a5354b,io-64-16,65536,1803,620673,162967,108,69900,33503,246495,14098432,14098432,pass,eba5b762e41c1a12d3c269ee87972fdc09e33e10504055cb7ada417edd7eef18,no
IO,16a5354bbfd590933f18a093dd4f154b,16a5354b,io-64-17,65536,1800,610641,162962,110,69900,33506,166492,14098432,14098432,pass,05e462342e3bf21304b414ea641377818010dcd3c12fcd16402593ec5b1df642,no
IO,16a5354bbfd590933f18a093dd4f154b,16a5354b,io-64-18,65536,1803,620672,172967,108,69899,33503,256496,14098432,14098432,pass,bbb01e765b9c4d2fe9a73a26052324a68a967b5d59a4e063f3f0ee65b99a33e9,no
IO,16a5354bbfd590933f18a093dd4f154b,16a5354b,io-64-19,65536,1799,640643,172966,110,69896,33506,0,14098432,14032896,pass,65f08034e7f9820f48263946ff1bf9f831c3b34631606edce8ec30e305f099a6,yes
IO,16a5354bbfd590933f18a093dd4f154b,16a5354b,io-192-00,196608,1819,1767043,162970,112,69890,94285,0,14032896,13836288,pass,4d29ebd40d89c1bf6879e8e9ee1b09eaedc445724c040df67166b183b31a56c6,yes
IO,16a5354bbfd590933f18a093dd4f154b,16a5354b,io-192-01,196608,1864,1756239,242973,112,59888,94319,175685,13836288,13836288,pass,b2ed2a963d87dad0303a785b0315a89673beaac477f7ff96725c12a7cf088cfc,no
IO,16a5354bbfd590933f18a093dd4f154b,16a5354b,io-192-02,196608,1821,1521031,162545,111,59897,94314,165683,13836288,13836288,pass,90af78ee5af3f7ad788a663737664f53ec9a4e95520cd45ae56c02837b2434f5,no
IO,16a5354bbfd590933f18a093dd4f154b,16a5354b,io-192-03,196608,1826,1490574,242971,112,59899,94323,165670,13836288,13836288,pass,d4705a2f1de04d1faac30ea4ee39a849257e9997cf91237ed30f2ac5278668bf,no
IO,16a5354bbfd590933f18a093dd4f154b,16a5354b,io-192-04,196608,1822,1730607,162966,111,59898,94315,165686,13836288,13836288,pass,6578a1a0ea2198008e0217b460b34799ad6cfdcbf2fc0a70528a585aee7a4870,no
IO,16a5354bbfd590933f18a093dd4f154b,16a5354b,io-192-05,196608,1828,1740574,252971,112,59897,94326,165670,13836288,13836288,pass,7dd54dbebdd3bfa15f14ff8339f60642ea6671ccb8241bdee7dd0da27a05a769,no
IO,16a5354bbfd590933f18a093dd4f154b,16a5354b,io-192-06,196608,1824,1750601,172968,111,69897,94313,185687,13836288,13836288,pass,e315c24d230827bbb4c67983a482a26dc1ea6b3e32e589de52efe34c38d6110a,no
IO,16a5354bbfd590933f18a093dd4f154b,16a5354b,io-192-07,196608,1826,1598167,245376,112,59899,94325,165669,13836288,13836288,pass,efe0a2f1102e0862e2636b943c37986059f8c8859c050dfa8275334c1c911133,no
IO,16a5354bbfd590933f18a093dd4f154b,16a5354b,io-192-08,196608,1823,1450606,182969,111,69896,94307,195693,13836288,13836288,pass,ecb1a375d04b642e4a85aacd46e868b4ac25c7cf4b10f4c611cf1eb8cb487efc,no
IO,16a5354bbfd590933f18a093dd4f154b,16a5354b,io-192-09,196608,1826,1730569,242970,112,59898,94326,165667,13836288,13836288,pass,52a1704b4a036488cf050dfa573b0bcd59e82ca3c8a1695755563ff6dbdf2e60,no
IO,16a5354bbfd590933f18a093dd4f154b,16a5354b,io-192-10,196608,1822,1730607,182969,111,69896,94313,0,13836288,13639680,pass,6b8910861014fa865d7a001a2943bd67b215dbe4e518875d4201a6531ccebfb2,yes
IO,16a5354bbfd590933f18a093dd4f154b,16a5354b,io-192-11,196608,1869,1766190,162967,111,59892,94328,245672,13639680,13639680,pass,6a02767d408cc8e3c3a166c660ed8cf9b06c36671bba48d50323c98494d95c39,no
IO,16a5354bbfd590933f18a093dd4f154b,16a5354b,io-192-12,196608,1829,1749135,184409,112,69895,94312,185684,13639680,13639680,pass,f4b414b7dc4b11a6456418270292c6fb6379e41246c0e2e8ee6b00ca95a7c70b,no
IO,16a5354bbfd590933f18a093dd4f154b,16a5354b,io-192-13,196608,1834,1443777,169751,111,59903,94330,245664,13639680,13639680,pass,7b731ee92f3b711db94bb284347cee30bf10ee06b309aa577ee2a489efb363ed,no
IO,16a5354bbfd590933f18a093dd4f154b,16a5354b,io-192-14,196608,1837,1600598,162940,112,59898,94315,175682,13639680,13639680,pass,9755bfc3598e9bbd37f19ca29e968f43d22459aac59e9026d11e144dd1453302,no
IO,16a5354bbfd590933f18a093dd4f154b,16a5354b,io-192-15,196608,1834,1750563,172964,111,69900,94328,245672,13639680,13639680,pass,fabadb57188b8151b0c6440c74d02c2bfbe75d66b46aeb21fbe183f9a4c8a0ff,no
IO,16a5354bbfd590933f18a093dd4f154b,16a5354b,io-192-16,196608,1838,1740568,162966,112,59900,94314,165682,13639680,13639680,pass,1b641955dd8d0031ff70ed84bbb3ad49907b539c34273797f036be87aaddb5be,no
IO,16a5354bbfd590933f18a093dd4f154b,16a5354b,io-192-17,196608,1834,1850560,172965,111,69899,94327,265672,13639680,13639680,pass,a55bd286e16f0c6cea809c627caa5988d753d058516010ecf62ef43e91ea66c2,no
IO,16a5354bbfd590933f18a093dd4f154b,16a5354b,io-192-18,196608,1837,1501823,161704,112,59898,94317,175680,13639680,13639680,pass,e71a9701e0513d230c45eb3c35b70dc69f2453c98168113b773d14939b414d0b,no
IO,16a5354bbfd590933f18a093dd4f154b,16a5354b,io-192-19,196608,1834,1580566,182966,111,69899,94328,0,13639680,13443072,pass,7703634fa34698ad619d23d800c556b43b0dc645a5c294eca90d56a7d6276384,yes
