stream,index,bytes,open_us,write_us,flush_us,close_us,rename_us,read_verify_us,manifest_us,total_us,lateness_us,finish_lateness_us,missed_periods,backlog,heartbeat_max_gap_us,watchdog_events,free,heap,psram,sha256
opus,0,4000,2048,51230,206313,117,54141,4268,325158,643275,126,0,0,0,50708,0,13418496,359483,16631128,ec785a0724ae95d831da3d369610a6fb8bbe49ef0e82136b485293f5856394f6
opus,1,4000,2052,52892,278234,118,55567,4256,323955,717074,4997,0,0,0,50708,0,13410304,359483,16631128,c54e7b198b6d018b8aeda5e38181e787b3b5f1f08ac9a9eb25f2068efee24b9a
opus,2,4000,2081,55634,209388,114,56973,4255,387558,716003,4997,0,0,0,54168,0,13402112,359483,16631128,b0b95371f3226ad9133db06b9fd79bb0103cb0757fa383aeba999ec0c65e43c9
opus,3,4000,2072,54312,213632,116,54289,4249,388822,717492,4997,0,0,0,54168,0,13393920,359483,16631128,53aa900bceebf677a789205b4a1ee3018dc8538992ec56270f313dbe75736d8e
opus,4,4000,2091,52981,212220,116,54307,4257,325538,651510,4997,0,0,0,54345,0,13385728,359483,16631128,890c16300f197968284a2133cc5a1107ca5d7e36fdc53d84114597fb1d4e3bae
opus,5,4000,2097,52767,268979,116,54041,4304,314700,697004,4997,0,0,0,54345,0,13377536,359483,16631128,e1c726aa273db1fa188a6f4819c67915d010591846b4da9b748990ac2f742316
opus,6,4000,2107,52785,207276,117,54116,4311,383486,704198,4997,0,0,0,54345,0,13369344,359483,16631128,3523cf0e598a070a907d01cec892cbee161ce32a4fc6a83bb59afac353353a45
opus,7,4000,2103,54175,208650,118,55536,4269,386353,711204,4997,0,0,0,54345,0,13361152,359483,16631128,0a55e7450a3b4f3f2c7af7bf8423cb59890cca747fe4fc35eccbf5b589feac2e
opus,8,4000,2121,55582,208531,117,56998,4273,330020,657642,4997,0,0,0,54345,0,13352960,359483,16631128,7608004a34a2974d5422559b87570ec854b853e00edfe78034b79a86af99c876
opus,9,4000,2128,55600,270422,117,55621,4281,319062,707231,4997,0,0,0,54345,0,13344768,359483,16631128,1568da526b533e7d49e327b4b5dcf4736819ca8b0b7888eb4cb32576e74422c0
opus,10,4000,2138,51488,204633,117,57530,4321,393374,713601,4997,0,0,0,54345,0,13336576,359483,16631128,fa7bbdad137bdcbb02a33c0a2461aa7b91edf6df25b31a1d04345a8eaf260031
opus,11,4000,2129,57241,214955,116,57143,4280,396259,732123,4997,0,0,0,54559,0,13328384,359483,16631128,d43d9e4201401d1357568d71eea9a332e16ad518ed814b9a7cb9133b1fdcbe40
opus,12,4000,2154,54477,215072,116,57217,4296,335826,669158,4997,0,0,0,54559,0,13320192,359483,16631128,f654c09c0eaebcc36589e1f4c5350683520a29dee81f094b50efc0475b112122
opus,13,4000,2157,57279,280006,116,58725,4325,330064,732672,4997,0,0,0,54559,0,13312000,359483,16631128,c13ce05cfedab88484b5660b1014f0798a8796f1c071df23a49102a77c188dc6
opus,14,4000,2171,57255,212236,117,58659,4304,399066,733808,4997,0,0,0,54559,0,13303808,359483,16631128,d8ff3ea631cc5d44bc0c3aebd2d9d219871ae64f650cc40f5218f05c605f97db
opus,15,4000,2160,54243,207249,116,54308,4332,380875,703283,4997,0,0,0,54559,0,13295616,359483,16631128,015ef089e7b673ebbd7725e7dbdbd13dda2489790d5d4ee72c30a3aef79fe265
opus,16,4000,2180,52988,204471,117,54423,4303,316794,635276,4997,0,0,0,54559,0,13287424,359483,16631128,d0680a3044da110d06ce712e5641ab2bdf56e7c56ef6b3f4336bd8ef55cac012
opus,17,4000,2193,52949,271911,116,54459,4312,321018,706958,4997,0,0,0,54559,0,13279232,359483,16631128,e25345021d7595f291b3eef8e865ac1ab2474fd0afaf8610debb3e1ba8c3e1f5
opus,18,4000,2207,54374,207398,115,54445,4363,381524,704426,4997,0,0,0,54559,0,13271040,359483,16631128,9de08f2c5d5cfcd22bb62c56ced3fa36f773895192b7998f797020bd2c66e547
opus,19,4000,2192,54351,211524,116,54482,4317,381456,708438,4997,0,0,0,54559,0,13262848,359483,16631128,bfa1c3c9865b7c72d08fb91c44acbd9cdaa4de69e43427c3f0f0492d1e9dbb21
opus,20,4000,2210,53072,206159,117,57742,4355,326535,650190,4997,0,0,0,54559,0,13254656,359483,16631128,3a59adaff15daaae7aec96020d35ccd7923df74be2ffdf42e7d4d6c34700acc0
opus,21,4000,2212,53251,279967,116,56114,4323,328055,724038,4997,0,0,0,54559,0,13246464,359483,16631128,f78ed042d282c5973198e6228d8db9213f146f0ad3959a1e74e34c7019a170fd
opus,22,4000,2232,54598,215192,117,56077,4340,387386,719942,4997,0,0,0,54559,0,13238272,359483,16631128,164cc1216c96497b66ce385550df52d1bd3c38ce7046dc92de842d7ddb4d9964
opus,23,4000,2215,53237,212453,116,54747,4332,388759,715859,4997,0,0,0,54559,0,13230080,359483,16631128,a5a9070c1b3c4481c68a3070ca7eb70ccb5e3a023f0ab0ad8dafb1a1d94aed1b
opus,24,4000,2235,54669,215226,116,56160,4342,322718,655466,4997,0,0,0,54559,0,13221888,359483,16631128,c4db45644ab447e0f341173a70c582e663d998f1a22478bbcd069ce2d51d5f96
opus,25,4000,2249,54506,270470,117,54559,4345,317308,703554,4997,0,0,0,54559,0,13213696,359483,16631128,badb02da34c72deed08d90bee01bbc4041936f679b98d10221df9d20d381e5d3
opus,26,4000,2260,51682,208719,117,55865,4397,380484,703524,4997,0,0,0,54559,0,13205504,359483,16631128,dacfd7c9c23609699f45f741b1f7510bcdac6c32c9f0507aba1e28b161b40b03
opus,27,4000,2250,53111,204655,117,54584,4350,379984,699051,4997,0,0,0,54559,0,13197312,359483,16631128,7e737e8673ae8bbd376a430f86bbd0b3ae6515832a6270de36676b7a6fb01971
opus,28,4000,2277,51752,213986,116,53258,4355,317350,643094,4997,0,0,0,54559,0,13189120,359483,16631128,89f3b48fd5cc5ea44d1c39168950ab830a73d4a64a6bf29add13b5be4584bbed
opus,29,4000,2283,53161,267675,117,53234,4396,314638,695504,4997,0,0,0,54559,0,13180928,359483,16631128,73585aa991e72ef11820a3cdaefa7cb67830be0caa3744b48e40e50616dcfde8
opus,30,4000,2280,53075,210001,115,54749,4367,396119,720706,4997,0,0,0,54619,0,13172736,359483,16631128,37f26bda11ac333298cfb6ccc3dcd64cb72e840b50cc424f6134bcadf8485509
opus,31,4000,2276,53281,212456,117,56221,4362,390195,718908,4997,0,0,0,54619,0,13164544,359483,16631128,e76d625d36c366995d09c3cb3f3681cae3ebbe230997a5a32a8f837e8c635451
opus,32,4000,2294,54706,209593,116,56231,4366,324064,651370,4997,0,0,0,54619,0,13156352,359483,16631128,2ee245d767c1ae333ce8a8f79bac1748311a0c14027b101eaa88a5c21d7362db
opus,33,4000,2305,54699,279997,116,56315,4374,321576,719382,4997,0,0,0,54619,0,13148160,359483,16631128,07872167c51c15e31a4a0d990d9c45d26b91e7b1985d551c21f2dbf0aec3ee43
opus,34,4000,2318,53343,209713,116,54908,4387,390556,715341,4997,0,0,0,54619,0,13139968,359483,16631128,038c7b247fb43574d9ddc97a49ecdffa70710e8249337a76a41a492d77d33a92
opus,35,4000,2312,54580,203159,116,56063,4414,384817,705461,4997,0,0,0,54619,0,13131776,359483,16631128,0bb4ecb46efe14841972affb13951a45a6e925f3e25930ff9f9a431d499479ab
opus,36,4000,2327,55930,207440,116,56120,4389,318899,645221,4997,0,0,0,54619,0,13123584,359483,16631128,58b6b901187ed4f3c0e322d2831b00602889f6086f1907da2b718cd3aa3fc516
opus,37,4000,2338,54504,273342,116,56130,4401,323072,713903,4997,0,0,0,54619,0,13115392,359483,16631128,5036d962946921d11322b5263ee08f52c1e5e39eeb98a89faf07391cd7384ede
opus,38,4000,2349,55902,214208,117,57553,4406,391962,726497,4997,0,0,0,54619,0,13107200,359483,16631128,64072adcdb76b5fb620b22d6352d3127b81d0f90837fc4054783d1df28f2dcef
opus,39,4000,2342,55927,212777,116,56168,4410,386338,718078,4997,0,0,0,54619,0,13099008,359483,16631128,61fe2fb6c7059c24499bbfd9aafcba30a547f97b594168606916a791f1e6be2a
opus,40,4000,2350,55946,210068,117,56297,4398,337861,667037,4997,0,0,0,54619,0,13090816,359483,16631128,3097c304542f7c130cc43d530b19c1d0477d1ff1ef2cdcb3db6b74982a443ba3
opus,41,4000,4970,57519,279891,116,60472,4415,551375,958758,4997,0,0,0,56049,0,13078528,359483,16631128,af23f215d1009661d209b1edb3a8f5d596fc9b5d5046f19c4d8a3f96af9d9bc5
opus,42,4000,8867,51316,281681,119,109691,5732,389126,846532,4997,0,0,0,56049,0,13070336,359483,16631128,0d7e12f70782ed6fb0fdfabba8ee10fc9459036398b80af3c557e97710bf44d5
opus,43,4000,8876,51379,210367,116,174623,5740,392249,843350,4997,0,0,0,56049,0,13062144,359483,16631128,5b18da49a773c996aea8fb233bd0deb4ac5871d957bb6ba5b3c1853dbf99d73b
opus,44,4000,8877,54199,210437,118,109643,5722,441500,830496,4997,0,0,0,56049,0,13053952,359483,16631128,ec8a79439e7e0764a763257c02a6535fae5089731cac10545900befdc34c2e84
opus,45,4000,8893,51368,205416,118,108264,5730,443130,822919,4997,0,0,0,56049,0,13045760,359483,16631128,04b3f839fd8f2a9a9b4bab14d1d0bebf4e53082606c948c82ae570fcaae976bf
opus,46,4000,8889,52688,208130,118,108261,5765,443163,827014,4997,0,0,0,56049,0,13037568,359483,16631128,58deebc5200d6cad6866fb7045604ea208cf7110cf743ffcafeb1abec7f87f16
opus,47,4000,8904,49935,205627,119,106984,5734,444755,822058,4997,0,0,0,56049,0,13029376,359483,16631128,aee95f4f94b4dd35ebe3cbd1f817b438ed5ab70f7b1faadf1613a332f19f0d57
opus,48,4000,8924,51405,205487,119,108402,5766,380328,760431,4997,0,0,0,56049,0,13021184,359483,16631128,1d755960d2ff5f47e9d37b910e847addc5489954568c04250848d8eb9e3c26f2
opus,49,4000,8922,52905,280987,121,113004,5783,395462,857184,4997,0,0,0,56049,0,13012992,359483,16631128,5308df48ee094f3a38ed215dd277226c64314489d42f118a2044eecda4d3a435
opus,50,4000,8924,55641,279428,119,113017,5777,398230,861136,4997,0,0,0,56049,0,13004800,359483,16631128,eeb7b62d6de52996f287aeb403ae4d51bc372aea58a79abce3b7356c778ab3a0
opus,51,4000,8930,53008,213294,118,176303,5761,398393,855807,4997,0,0,0,56049,0,12996608,359483,16631128,ffe3b02e15bcecac3ac897831ec8cb5df59e7bd24fb2a13c35ccc71b7b777657
opus,52,4000,8941,54347,214548,118,117137,5782,463601,864474,4997,0,0,0,56049,0,12988416,359483,16631128,810d8a7f6d101b7c646f505beb1def606ab27edaa412a1e9544247a91d1c6263
opus,53,4000,8949,54126,208185,118,113978,5769,457245,848370,4997,0,0,0,56049,0,12980224,359483,16631128,38316f87566c2e7496b30580ae742358661d030c54cffa2ab24e883da586b266
opus,54,4000,8947,54169,211038,119,118137,5758,456609,854777,4997,0,0,0,56049,0,12972032,359483,16631128,1f2e00bcb8c6c02c16377a67fad502b0f81901f1c61977adc6e6062682b84b11
opus,55,4000,8965,55582,206726,118,113994,5772,453044,844201,4997,0,0,0,56049,0,12963840,359483,16631128,e71b2e18e7ea7c103a69e3ec1cb29b4c6b854156ef72f12a410b39b34cda9aed
opus,56,4000,8973,54142,210899,118,114044,5774,388749,782699,4997,0,0,0,56049,0,12955648,359483,16631128,1a8c03e7f0212cea244bb8f86fba62a389331d24528ffeb310292628d090e22e
opus,57,4000,8980,52821,266530,120,116934,5789,405609,856783,4997,0,0,0,56049,0,12947456,359483,16631128,2d2f46a55ea76e451615063e542484346b628370fd7d9499a5d6d0016bca27f2
opus,58,4000,8986,57180,282083,120,121424,5794,409957,885544,4997,0,0,0,56049,0,12939264,359483,16631128,ce7e7d88cd9cccfbae97cb6002fcbdc651d1b0ee4a6112b2758c3127e9974ade
opus,59,4000,8998,57144,216008,118,184147,5813,405610,877838,4997,0,0,0,56049,0,12931072,359483,16631128,8aa9dc3ad54413f477add867d10a70a26c12c8db962f4a5b3f47b1d56cd4fecc
opus,60,4000,8991,55742,213099,118,115899,5783,470301,869933,4997,0,0,0,56049,0,12922880,359483,16631128,a7078de998212eda1ee4ed1c5f879028d3a255dfc6d76cc93bc0a283f777a758
opus,61,4000,9004,54407,217364,119,114604,5822,451615,852935,4997,0,0,0,56049,0,12914688,359483,16631128,03ea4981693cdf3ab1e829db61d8339a037f30ae68fcfc7aefa1283dd46ae4eb
opus,62,4000,9004,54176,208093,118,111480,5787,453368,842026,4997,0,0,0,56049,0,12906496,359483,16631128,14172a144402c34b3b60e1ec71ae8824f605d11055d7d4ade3faa2e26eb013b5
opus,63,4000,9022,52830,210944,119,114156,5805,456763,849639,4997,0,0,0,56049,0,12898304,359483,16631128,cab4128722ea11a86a640454bce415f6338607afdca75d510366173f54469d24
opus,64,4000,9036,52849,208149,118,114194,5803,394537,784686,4997,0,0,0,56049,0,12890112,359483,16631128,c4e07ab2b385ac68fb19c298688192f92196fc5b433f6a8451c046002b4cf0db
opus,65,4000,9039,55590,272744,120,115712,5814,393106,852125,4997,0,0,0,56049,0,12881920,359483,16631128,3f2773f65e67a68cc0b3211f76f005b042ce0ce56607ce759266c1ae3f72a0cd
opus,66,4000,9048,52860,274117,118,118886,5845,409933,870807,4997,0,0,0,56049,0,12873728,359483,16631128,65e88cad2273cc936961ee44c64a2d5eb4999467a373b8abc5b19b7f2107b107
opus,67,4000,9049,55767,214556,118,183603,5833,408653,877579,4997,0,0,0,56049,0,12865536,359483,16631128,24f7cdcae4fbc01c3d37b547bc0dccfcca14e594aab8f53c3cb7fb191bda6baa
opus,68,4000,9062,58600,214534,118,121694,5824,474150,883982,4997,0,0,0,56049,0,12857344,359483,16631128,c2106d92f3f49ad67df18e4507ddd86b1b18125e3318b10f9bb88eb16b3bc876
opus,69,4000,9072,57199,213057,118,118876,5859,467980,872161,4997,0,0,0,56049,0,12849152,359483,16631128,4e6bcb22f96ec8d6786cb1edd567683bafba7d7ef43f083eda24765e0fae27cd
opus,70,4000,9059,58623,213982,119,119863,5821,461389,868856,4997,0,0,0,56049,0,12840960,359483,16631128,0f49940b2aac76a0e6807b67433b309c3400109d236331130b72df391587b598
opus,71,4000,9078,55655,208118,118,114360,5839,452657,845825,4997,0,0,0,56049,0,12832768,359483,16631128,e167d5b0c8c4709c4f9602a4590acd3035ed055182930fbe6dc2768ea78ee6f2
opus,72,4000,9091,55671,204179,119,114315,5828,392239,781442,4997,0,0,0,56049,0,12824576,359483,16631128,be24d138924c0d1fe8564c2791e13a31f37f1a5d5892e21db60c4acdb86e20e7
opus,73,4000,9096,54253,269291,120,113088,5852,386641,838341,4997,0,0,0,56049,0,12816384,359483,16631128,fcb3968007a6ad400da9ce7c3620e396da7676d01bec188962f66b13e0376464
opus,74,4000,9101,55680,269958,121,118648,5846,403133,862487,4997,0,0,0,56049,0,12808192,359483,16631128,98b623cc42aa535cb05efdc8c6301e358049518b28e0fbb444039520092324c9
opus,75,4000,9111,58662,216186,118,191275,5895,407699,888946,4997,0,0,0,56049,0,12800000,359483,16631128,ecbc1277480b2962b515e79636949b17c9823a6d9b95aa4a08fb209b7af86bb6
opus,76,4000,9111,58629,214770,119,120498,5850,472260,881237,4997,0,0,0,56049,0,12791808,359483,16631128,5ec03344e48bdcc2e173e929f7e4b871d548a8169ecaf0d323b2ee10f399ab27
opus,77,4000,9131,55869,211878,118,119122,5900,468893,870911,4997,0,0,0,56049,0,12783616,359483,16631128,b8c566cbe6fcc450adca1d0329c47b06690b0a12524876fe41118ea942e42c5b
opus,78,4000,9125,55831,214557,119,116328,5889,463387,865236,4997,0,0,0,56049,0,12775424,359483,16631128,f30e8d0fa0b5fa3ec30ed11b5c8d3cc7f2e86eda7e6b1ccedeefb84d7575f2b3
opus,79,4000,9140,54272,205347,118,117377,5877,453420,845551,4997,0,0,0,56049,0,12767232,359483,16631128,234a46151dd82db3c082de448e68188b30150c11f0f4fd98ec491bcb50a518d5
opus,80,4000,9150,55716,206798,118,118744,5858,396545,792929,4997,0,0,0,56049,0,12759040,359483,16631128,b1ae873dc908330ab266b936fe0da8141cd700993cf2fa9965dde3235638d1d2
opus,81,4000,9152,54256,272880,121,115927,5883,388094,846313,4997,0,0,0,56049,0,12750848,359483,16631128,84e13d8ad2434bc611437d740f0cf1780fc9ffd17a7cfeec744fbbf079c00bdd
opus,82,4000,9162,55706,270753,119,115979,5870,396565,854154,4997,0,0,0,56049,0,12742656,359483,16631128,fab56850fad2aa5635873c21866c084d763065177571fe9d172c024a4dd8bc26
opus,83,4000,9168,54311,206735,119,181071,5894,670272,1127570,4997,0,0,0,56049,0,12730368,359483,16631128,e6917f64e1953efe3966a1b52a546e8ad6a3bb5d98a74a86c47dfaed498a4991
opus,84,4000,11788,57258,278641,116,119039,7209,405974,880025,4997,0,0,0,56049,0,12722176,359483,16631128,d127bf311a6a9e364ecb3862c7418b3c6fbf8097442ac43ae5035e646254c5c0
opus,85,4000,13096,53105,275152,118,116316,7241,406037,871065,4997,0,0,0,56049,0,12713984,359483,16631128,04861481f2def8c51192b12c8b65f5c24e198e5d8c6aaab758c199b4b51a390e
opus,86,4000,13097,55935,211767,118,183158,7217,407473,878765,4997,0,0,0,56049,0,12705792,359483,16631128,061d85713999d71b48d668ec1b92f5930fcbc58a63349f82259457b27a0ce845
opus,87,4000,13111,53119,210845,118,114681,7192,463826,862892,4997,0,0,0,56049,0,12697600,359483,16631128,322513e2436e285cb7b01b0aa559e552622b082235d7445b18b643e060ed83a0
opus,88,4000,13107,51686,203918,118,111912,7202,454947,842890,4997,0,0,0,56049,0,12689408,359483,16631128,16a6a593380cd8f4fb201fc454102b620c246f7dfb0b25f083d1d8c626018eaf
opus,89,4000,13111,51680,206867,119,114772,7212,458428,852189,4997,0,0,0,56049,0,12681216,359483,16631128,3bf12bf055fa78aab7024417d57350476ba5a09a9a5e89c5ac7f78b4294eb748
pcm,0,134400,2064,1412459,215818,115,117434,65409,313366,2126665,168,126833,0,0,49356,0,13254656,359483,16631128,fa633dc930a7f8f2725a6620dbdbfe94523b336d386f9b572521e7612cd868bb
pcm,1,134400,2074,1351743,206609,117,51323,65373,373267,2050506,129824,180330,0,0,49356,0,13115392,359483,16631128,55a4b2ee50b3a7b29a9fc07ee445959c6a42ef0135c3d71da3423c7d85f55810
pcm,2,134400,2069,1370967,211832,116,52996,65366,321954,2025300,183413,208713,0,0,56495,0,12976128,359483,16631128,f263ae63bc1d43ab0ee2091a063bb7716df4d9f3beccbbe419205300b8e00f58
pcm,3,134400,2076,1406038,272837,117,52806,65356,313813,2113043,211767,324810,0,0,56495,0,12836864,359483,16631128,7751f5da10620bd3e01f8a2337dbb125a521fc2d10924ce8c944b0f83b47089d
pcm,4,134400,2084,1332821,208141,117,115340,65380,315291,2039174,327782,366956,0,0,56495,0,12697600,359483,16631128,3664c01e5aa2957dc53dcab732c44930617e959f3d58cdeaca90e89600f4cbe3
pcm,5,134400,2104,1406122,212013,117,54483,65371,387863,2128073,369934,498007,0,0,56495,0,12558336,359483,16631128,c65d281d4eb41992b297454fec2f01a1ea9c681b87f184d7efa3f6c6f5d7d120
pcm,6,134400,2130,1390131,205638,117,52957,65385,324340,2040698,501049,541747,0,0,56495,0,12419072,359483,16631128,9beb8d2f9d7b50641631e029aaa9220bfbc7ca25b8aa678d02169e7286d52389
pcm,7,134400,2108,1368516,273422,117,54545,65393,325968,2090069,544747,634816,0,0,56495,0,12279808,359483,16631128,f49531319ae4dda93a41ec41aea2eda48943dfb2c8f61f1fa3dbee6faf3c2cf5
pcm,8,134400,2117,1433028,214780,116,123333,65378,324626,2163378,637794,801172,0,0,56495,0,12140544,359483,16631128,5ca0339dc83762eb1b59e4b21e44139caf417b88ff9c88af5eb733285a5e2cdb
pcm,9,134400,2125,1351119,208526,116,52995,65430,379617,2059928,804185,864113,0,0,56495,0,12001280,359483,16631128,04b187c79172a432040a19086ca06051522b8ef35031d7353ee61d82181e6e5e
pcm,10,134400,2120,1371678,212214,116,54623,65405,326407,2032563,867117,899680,0,0,56495,0,11862016,359483,16631128,ccea2ae8d2fcc6bd105dc823bb1fd6dce02cf4c9ee4345a90d6ac75a4983a3e0
pcm,11,134400,2130,1402530,277688,116,51623,65437,311182,2110706,902767,1013473,0,0,56495,0,11722752,359483,16631128,75595afad3146a1be161751d66c9dfb3388f5e9e6f2319e6c7c4789a59a10463
pcm,12,134400,2141,1358633,205704,116,114791,65426,315314,2062125,1016493,1078618,0,0,56495,0,11583488,359483,16631128,55a799a6cd71c49682a914690329a0ef2f2cb41974aa021fe5da92d6e3a117a7
pcm,13,134400,2146,1378676,221610,116,56063,65447,391193,2115251,1081682,1196933,0,0,56495,0,11444224,359483,16631128,c0b7b9f1342236eb7ef8a0165c23f016af157ab8a163d11e217519eb2b6ebea1
pcm,14,134400,2199,1391622,209881,117,54433,65437,313948,2037637,1200031,1237668,0,0,56495,0,11304960,359483,16631128,4d9fb0a1fa15f16cffd4f5c50013a5f620513adece359da5c5ef75a5600d656b
pcm,15,134400,2210,1358352,268975,116,53120,65423,314081,2062277,1240725,1303002,0,0,56495,0,11165696,359483,16631128,cb98350d256206b1b8aea70f1a778c0f2f8b81a62859f61b435a2011e4b9520a
pcm,16,134400,2181,1416637,213653,117,118014,65463,326525,2142590,1306023,1448613,0,0,56495,0,11026432,359483,16631128,55db27f2fc62fb89aa9e8d033d1e641d862860022f2c2c856021d440b390ad3a
pcm,17,134400,2180,1361791,207185,117,53162,65446,385639,2075520,1451659,1527179,0,0,56495,0,10887168,359483,16631128,17fcd2f6c7dc2e7ab3da7049f34f0750835cbc1fa9a30a4fe140278393dcc1e2
pcm,18,134400,2194,1355614,215373,116,56142,65464,330756,2025659,1530197,1555856,0,0,56495,0,10747904,359483,16631128,c0026f3e509624c276c5bcee5f28ba9420a7de01e17e88d537b554f0999897b6
pcm,19,134400,2196,1411556,283740,117,54812,65440,333578,2151439,1558853,1710292,0,0,56495,0,10608640,359483,16631128,7898e46e8818b91b89813c9257370994e4b7e31b615458f2bd07376034bcb8a6
pcm,20,134400,2201,1368373,211423,116,114809,65433,321506,2083861,1713346,1797207,0,0,56495,0,10469376,359483,16631128,4202d86796be223c43ecd1172eb95d132315ec9487029bfa2fe62437bdb08d11
pcm,21,134400,2242,1378802,220400,117,54855,65476,392937,2114829,1800209,1915038,0,0,56495,0,10330112,359483,16631128,d83feb3f28a4934bd5ca1727ffdea4c1a95b64a57ae73e06936404957645d6fa
pcm,22,134400,2210,1429677,207514,117,53209,65452,317420,2075599,1918059,1993658,0,0,56495,0,10190848,359483,16631128,6ed59e09f3012a2859cda650a5fcef1b4847fd96e0d67a66422441d7c4adb72d
pcm,23,134400,2219,1344275,269063,117,53212,65438,317367,2051691,1996681,2048372,0,0,56495,0,10051584,359483,16631128,983550299a8387463d281696c4febe25d498ef759ede451078d99edf3a365110
pcm,24,134400,2231,1413171,215023,116,118164,65492,327113,2141310,2051438,2192748,1,1,56495,0,9912320,359483,16631128,d4be1134555c060b6e90caf51efa8911840d8d606181cded8dd56089f5c045d0
pcm,25,134400,2237,1404478,210164,116,53311,65465,379374,2115145,2195763,2310908,1,1,56495,0,9773056,359483,16631128,b9b437a479fcc1b61c2d5ca41c312beece42d91354766fe28a4b4f27d1e928b6
pcm,26,134400,2241,1339936,206029,117,53319,65448,316283,1983373,2313968,2297341,1,1,56495,0,9633792,359483,16631128,eb3fc3e394d44f2821a199a0945a6cd0c11e24dcd0be110fd235b7482e811e0e
pcm,27,134400,2285,1422365,278512,117,54935,65499,323053,2146766,2300346,2447112,1,1,56495,0,9494528,359483,16631128,ace48c10789c2a4c6c7e45e43925ffec166d79288d41e4a7bfd05235d7bb90c1
pcm,28,134400,2275,1367913,206140,116,115034,65477,321882,2078837,2450116,2528953,1,1,56495,0,9355264,359483,16631128,bb081b2b007d332fd8491ba512a4e6a1a0cf756c24dd1bcfdfebc290a82c6540
pcm,29,134400,2269,1372646,216603,116,57686,65515,392112,2106947,2531970,2638917,1,1,56495,0,9216000,359483,16631128,0d524a06c65f43ed003636d0afd4b3a4479a78bcf83554f62b1fba4f42f528ce
pcm,30,134400,2263,1379179,208553,116,53510,65464,320468,2029553,2641973,2671526,1,1,56495,0,9076736,359483,16631128,d4e3694851b7b686876fece8d62cad1f9da5575885d5cee6482575ce92fc4a12
pcm,31,134400,2278,1095918,266612,117,54807,65481,315232,1800445,2674574,2475019,1,1,56495,0,8937472,359483,16631128,d0b6b593acc1f103014af66556ad187c4ccc0c8d87ee49ba226e59055fea6e1e
pcm,32,134400,2284,918156,203007,117,118325,65489,320729,1628107,2478020,2106127,1,1,56749,0,8798208,359483,16631128,c34f36f601a92db31b1a916ea32644efc5f71bf64a95eae731ad3e521a75cd14
pcm,33,134400,2303,1014932,199971,117,54765,65525,372072,1709685,2109135,1818820,1,1,56749,0,8658944,359483,16631128,eec9cfdd765f481da5c8bd92a0c5374d2dfaaba9123a2838e82fa6fa223ba6b5
pcm,34,134400,2296,1009748,200261,116,56197,65509,317533,1651660,1822010,1473670,0,0,56749,0,8519680,359483,16631128,bf7dce264e301fba1a67b923ace94f9ad8bb6970c67be0b38728a6b100eedf58
pcm,35,134400,2307,1107722,275563,116,57716,65532,328776,1837732,1476733,1314465,0,0,56749,0,8380416,359483,16631128,bcdcb970ab749c909ef30cfed255068c8f7f66eef5774c22744794e8c6bd99bb
pcm,36,134400,2319,1094470,192226,116,119331,65513,306668,1780643,1317605,1098248,0,0,56749,0,8241152,359483,16631128,3261813ede26ab24fddd23f162054941d3f63aceecd7fc0501639d6a830561f9
pcm,37,134400,2355,764133,192482,116,54839,65513,377093,1456531,1101302,557833,0,0,56749,0,8101888,359483,16631128,06d8d2e9fb265eb0bd46167ccf6ec09fd3b75ce2409459250587048ad30e6eaf
pcm,38,134400,2359,872182,202089,117,56501,65500,317346,1516094,560910,77004,0,0,56749,0,7962624,359483,16631128,4a8d379e1bed84412d18b8b863bda833ae918508f66bc2bdfe223a1f7c740f51
pcm,39,134400,2385,903878,263148,116,57649,65533,312043,1604752,80000,0,0,0,56749,0,7823360,359483,16631128,f3863fea306c595e5b1151f7b09ac0e54d33c217961e1412c69af0cadf13567b
pcm,40,134400,2347,928675,205407,117,124048,65517,325059,1651170,1379,0,0,0,56749,0,7684096,359483,16631128,7263461374c36e969a1024715b35ff4b5d5d8becf8c26c27b7fbae3ebfc33a88
pcm,41,134400,4961,1038844,209949,117,60590,65503,590629,1970593,1379,0,0,0,56749,0,7540736,359483,16631128,4d6608faa05625769f0236fa0ce11183a0cd26ea63922a880cc4892e9c581c55
pcm,42,134400,8871,1031788,196742,117,101039,66873,424036,1829466,1379,0,0,0,56749,0,7401472,359483,16631128,7f6cee4dee5bf7d7d2aadb829d2a13251a463b2e7a5ee884381626acc080a08a
pcm,43,134400,8864,1118800,206919,116,109218,66834,445722,1956473,1379,0,0,0,56749,0,7262208,359483,16631128,2a3421ed84c9e8809ce9c0b78376b2511a7389d11f844dcc9a3528d674abccd1
pcm,44,134400,8877,916657,194072,117,107229,66842,426699,1720493,1379,0,0,0,56749,0,7122944,359483,16631128,073f43267091c4e157a1240f37a2a196f651c78ba032b3f765a7383b20b1155d
pcm,45,134400,8907,782627,193242,117,107282,66849,374119,1533143,1379,0,0,0,56749,0,6983680,359483,16631128,cbc0b508eef96028711366f6856ac68e2ca17f625f699e44109ee714a70a27af
pcm,46,134400,8903,893473,264637,117,109157,66857,378370,1721514,1379,0,0,0,57684,0,6844416,359483,16631128,df302326b25074c9b1c5258e64ebf26f3328897c20d1a2471eb3aac5b49106c0
pcm,47,134400,8899,925715,257131,116,107459,66887,366591,1732798,1379,0,0,0,57684,0,6705152,359483,16631128,6b40567575276ef77aa7016d984f0155928fd0feb87f5d80e5f775f48b8086c2
pcm,48,134400,8917,959518,203112,117,174102,66863,379641,1792270,1379,0,0,0,57684,0,6565888,359483,16631128,8d989a9cc414af452edb7f2ea46c76b2940cd82d0967630964ad4d1f82d10046
pcm,49,134400,8924,1055017,204818,117,110808,66888,450268,1896840,1379,0,0,0,57684,0,6426624,359483,16631128,ba409a6e98c8c51e3b59426bbb18a31a5a1393d0ee862421d6b6364bca0ad0e0
pcm,50,134400,8914,1062931,201653,116,109003,66856,440530,1890003,1379,0,0,0,57684,0,6287360,359483,16631128,c4384e1582a1f7b59fedf5d2c1d676c420384a62ac71f0924ee8e6ef656a4589
pcm,51,134400,8925,1107860,196908,116,112298,66862,440748,1933717,1379,0,0,0,57684,0,6148096,359483,16631128,4cdd601c7531529388b9e733d4cfee4717ad065db4b4b41fece79c7674b8d1d1
pcm,52,134400,8941,804616,198879,116,109037,66865,433856,1622310,1379,0,0,0,57684,0,6008832,359483,16631128,0f8f254075aa6d1cb72df6059d359d02ff2df21aba355fd1cf876b45ddff4f57
pcm,53,134400,8954,809617,202286,116,115068,66894,382456,1585391,1379,0,0,0,57684,0,5869568,359483,16631128,6d4695ed8b3847713ed17206e347fc3e6fc8b8070b73736ae6a8d4ed0cc67ba9
pcm,54,134400,8961,918182,269471,116,112310,66889,385388,1761317,1379,0,0,0,57684,0,5730304,359483,16631128,5233fe72cf4753c1e0477ae33bb4b20befe9549e4c430ba07c3eff99528dbf24
pcm,55,134400,8963,957178,262080,116,109050,66913,377514,1781814,1379,0,0,0,57684,0,5591040,359483,16631128,70eaeaa50ba95c90316c00170a6928d6afc5758fd355b7bc6ab0302645c91765
pcm,56,134400,8970,1010360,203099,116,179701,66899,386504,1855649,1379,0,0,0,57684,0,5451776,359483,16631128,774c622c7ab2e228882b7a4d3e652c30f7237a958f4a51fd977d8b9721328690
pcm,57,134400,8976,1086842,207687,117,113702,66918,453071,1937313,1379,0,0,0,57684,0,5312512,359483,16631128,1f8afb7aac1ab83ccf86a53307de9d1160d0125ffb2b55176d28f1e69fd31fa4
pcm,58,134400,8980,1093872,202566,117,110549,66919,452244,1935247,1379,0,0,0,57684,0,5173248,359483,16631128,9a5db029fde2d07becf109df0b66bfa588148999ef43cd7ed5795ddc4e9d4d7a
pcm,59,134400,8990,939397,201841,116,115119,66901,444818,1777182,1379,0,0,0,57684,0,5033984,359483,16631128,7f36c7f541319f653d4621d005b4c892f8937cdf8ef191e2c60efde3f062e22a
pcm,60,134400,8995,834842,198276,116,113107,66911,429860,1652107,1379,0,0,0,57684,0,4894720,359483,16631128,b5080876168bf54309f9540e08316fccbe9164bd9b748362fb3a438a1fa57da3
pcm,61,134400,9012,847607,200103,117,112530,66904,380767,1617040,1379,0,0,0,57684,0,4755456,359483,16631128,7f6e2da418200d3d7267b310d6b542bd1c6d70ae5b4401bee9a180b9ec8d1ab0
pcm,62,134400,9014,943922,266373,117,112587,66900,384208,1783121,1379,0,0,0,57684,0,4616192,359483,16631128,ce7420ca4761f53220cf6b97fbb32f297aa76cd655ed1909eb244ee3ce94e6e7
pcm,63,134400,9019,982811,260505,116,109268,66905,376318,1804942,1379,0,0,0,57684,0,4476928,359483,16631128,974a951bded41e735cb1953118ecdcadeb844dc9ccc08f966c15eaf83fd48d1f
pcm,64,134400,9026,1042314,205142,116,178680,66937,390359,1892574,1379,0,0,0,57684,0,4337664,359483,16631128,0c00e3b649fccd36f45de44b10460b3cef0da91f75a63c8e12f1e5e0270c85e8
pcm,65,134400,9034,1111570,207081,116,112515,66927,459836,1967079,1379,0,0,0,57684,0,4198400,359483,16631128,a8404ad9a02c83bfc22ea7aec249fcf23092c6b26611483b430ef9f084ddd5b7
pcm,66,134400,9036,1095257,192395,116,112350,66929,450475,1926558,1379,0,0,0,57684,0,4059136,359483,16631128,92623d216c3700b8708175ef5714c4795bd2d3eb10ca604697af19f4428f706e
pcm,67,134400,9052,812293,199024,116,115311,66952,447154,1649902,1379,0,0,0,57684,0,3919872,359483,16631128,cfd06ef2f3dde030f0494717c50dd975341c8ae215445422b6abc5761b36c965
pcm,68,134400,9055,864241,202201,116,112752,66937,431577,1686879,1379,0,0,0,57684,0,3780608,359483,16631128,ab2ab9a5eb3c08632e8a38f3d5a98c92c0e85402ba1e69c254d4933e1e577755
pcm,69,134400,9081,885597,201017,116,112665,66950,382346,1657772,1379,0,0,0,57684,0,3641344,359483,16631128,5425f6dd842d853a270f29a59bbd7de3be753a8e76d9b1829813aa249356c1ba
pcm,70,134400,9074,976411,269019,117,115445,66940,385586,1822592,1379,0,0,0,57684,0,3502080,359483,16631128,0d3ebfb72eddfa92f34abdf8751da9f2d28f59b77ec7c4ebdbf0f88b08a49714
pcm,71,134400,9074,1012961,263811,117,110813,66973,375882,1839631,1379,0,0,0,57684,0,3362816,359483,16631128,05f55854a5296e71f2d334abac458b93491358536297100da4e339d8fb680885
pcm,72,134400,9084,1084475,204993,116,178874,66987,391895,1936424,1379,0,0,0,57684,0,3223552,359483,16631128,bf67abf4a3d0026d63e86409a73a746566c6d1cac7ca05348e8723e314f046e9
pcm,73,134400,9090,1868923,197416,116,114086,67612,439544,2696787,1379,698166,0,0,57684,0,3084288,359483,16631128,11ec0c2377a1afa2cdc2dcca24d305b1b712840654328c4d3d5ee9fe55d5dac3
pcm,74,134400,9125,933796,189176,117,114208,66959,436725,1750106,701180,451286,0,0,57684,0,2945024,359483,16631128,86aab8822f63d835a39a85190b274e4b2ac6307344e2ce78f1e143838b2c3a79
pcm,75,134400,9165,835218,190980,116,115584,66987,371028,1589078,454355,43433,0,0,57684,0,2805760,359483,16631128,c002a77d42accb65080e010fea2a9c1b0ccd9786fd6e7401a9af4ffb3840d764
pcm,76,134400,9127,880634,251323,116,110980,67000,360678,1679858,46430,0,0,0,57684,0,2666496,359483,16631128,09907f7cccc43c59baff8f43523d7c8da4488433199a20ef26f3dfa453768e58
pcm,77,134400,9120,939840,256581,116,115578,66965,385763,1773963,1379,0,0,0,57684,0,2527232,359483,16631128,573876aeb3b5fd019d07d8366620be1c4291792889969d36f445c4639b2c434b
pcm,78,134400,9135,998900,196189,117,181754,66995,380515,1833605,1379,0,0,0,57684,0,2387968,359483,16631128,e126301bfe93eefd2a23a5507d4b46d3921dc428725617fad640bf7336e0444a
pcm,79,134400,9143,1024480,199545,116,117061,66970,455486,1872801,1379,0,0,0,57684,0,2248704,359483,16631128,171cef2fc4b9ad8a684595b519b1cdf390f7434ccf5fcd639da31e2cc1f1329a
pcm,80,134400,9137,1106373,201264,116,121243,67006,462895,1968034,1379,0,0,0,57684,0,2109440,359483,16631128,4e2f79c5c71a70de287f4f462e4486121a4f14d9eed31faff93c7c5248eefa7b
pcm,81,134400,9140,1165236,191440,116,121143,66987,447345,2001407,1379,2786,0,0,57684,0,1970176,359483,16631128,134069b50c944f47c4f5041f1ec2b7a200672cf773222a91c2e3c03234f7afbd
pcm,82,134400,9160,792565,191937,116,121158,67030,449388,1631354,5823,0,0,0,57684,0,1830912,359483,16631128,8710e8acc7fbd9b23d91e984da9ddbeee1d564e6c988e1b708975b40f4fbffe9
pcm,83,134400,9173,863025,196356,116,121227,67007,794032,2050936,1379,52315,0,0,57684,0,1687552,359483,16631128,2caeda3beea6330ee7e1cd59e183a6b28d5727294a94da76c7b372b6663f1672
pcm,84,134400,11819,903490,196836,116,114272,68297,434986,1729816,55372,0,0,0,57684,0,1548288,359483,16631128,c2819d22a64c5d4470d3ad4b115b040420bceeae297e69e921a688edde093bb5
pcm,85,134400,13081,961506,187381,116,108350,68301,432524,1771259,1379,0,0,0,57684,0,1409024,359483,16631128,3562a977e6043d8cfeb8f3e38186ceef87b09a748868edaec59a8260f83b88c1
pcm,86,134400,13110,1008446,193604,116,110485,68311,376690,1770762,1379,0,0,0,57684,0,1269760,359483,16631128,85c7862c0d848457edf580e0a35c3e67f9f632bacc23df317b93c9f68a6c9cc6
pcm,87,134400,13109,1108384,197049,116,115463,68319,388118,1890558,1379,0,0,0,57684,0,1130496,359483,16631128,68d089d2f2b3675916798c7348cb339085cea067025ad9b7695f6a322abf5cbe
pcm,88,134400,13100,1114456,266935,116,118903,68339,389749,1971598,1379,0,0,0,57684,0,991232,359483,16631128,0e3fd4f3eda4f82011bba941231f0a48812b2fd4af6041015dc87ece44125377
pcm,89,134400,13120,955054,252715,116,117148,68353,371455,1777961,1379,0,0,0,57684,0,851968,359483,16631128,f02fbf2e6e969b14d581a821d9fec60d6a1ab48ec50d5d8a8d6d933824cdb358
