record_kind,epoch,run,stream,index,bytes,write_us,flush_us,rename_us,manifest_us,total_us,backlog,free,heap,psram,stack_words,sha256
CHUNK,16a5354bbfd590933f18a093dd4f154b,16a5354b,opus,0,4000,56011,219216,60012,335725,675240,0,13418496,362699,16631128,10168,ec785a0724ae95d831da3d369610a6fb8bbe49ef0e82136b485293f5856394f6
CHUNK,16a5354bbfd590933f18a093dd4f154b,16a5354b,opus,1,4000,60249,299229,60009,335687,759484,0,13410304,362699,16631128,10168,c54e7b198b6d018b8aeda5e38181e787b3b5f1f08ac9a9eb25f2068efee24b9a
CHUNK,16a5354bbfd590933f18a093dd4f154b,16a5354b,opus,2,4000,60223,219251,60010,415706,759480,0,13402112,362699,16631128,10168,b0b95371f3226ad9133db06b9fd79bb0103cb0757fa383aeba999ec0c65e43c9
CHUNK,16a5354bbfd590933f18a093dd4f154b,16a5354b,opus,3,4000,60230,229251,70012,435695,799489,0,13393920,362699,16631128,10168,53aa900bceebf677a789205b4a1ee3018dc8538992ec56270f313dbe75736d8e
CHUNK,16a5354bbfd590933f18a093dd4f154b,16a5354b,opus,4,4000,70226,229250,70011,365696,739483,0,13385728,362699,16631128,10168,890c16300f197968284a2133cc5a1107ca5d7e36fdc53d84114597fb1d4e3bae
CHUNK,16a5354bbfd590933f18a093dd4f154b,16a5354b,opus,5,4000,70232,329247,70007,385678,859483,0,13377536,362699,16631128,10168,e1c726aa273db1fa188a6f4819c67915d010591846b4da9b748990ac2f742316
CHUNK,16a5354bbfd590933f18a093dd4f154b,16a5354b,opus,6,4000,70231,259249,70010,465677,869487,0,13369344,362699,16631128,10168,3523cf0e598a070a907d01cec892cbee161ce32a4fc6a83bb59afac353353a45
CHUNK,16a5354bbfd590933f18a093dd4f154b,16a5354b,opus,7,4000,70227,249251,70013,455674,849484,0,13361152,362699,16631128,10168,0a55e7450a3b4f3f2c7af7bf8423cb59890cca747fe4fc35eccbf5b589feac2e
CHUNK,16a5354bbfd590933f18a093dd4f154b,16a5354b,opus,8,4000,70222,249255,70010,385680,779484,0,13352960,362699,16631128,10168,7608004a34a2974d5422559b87570ec854b853e00edfe78034b79a86af99c876
CHUNK,16a5354bbfd590933f18a093dd4f154b,16a5354b,opus,9,4000,70232,319246,70009,375650,839482,0,13344768,362699,16631128,10168,1568da526b533e7d49e327b4b5dcf4736819ca8b0b7888eb4cb32576e74422c0
CHUNK,16a5354bbfd590933f18a093dd4f154b,16a5354b,opus,10,4000,70218,239249,70009,435663,819473,0,13336576,362699,16631128,10168,fa7bbdad137bdcbb02a33c0a2461aa7b91edf6df25b31a1d04345a8eaf260031
CHUNK,16a5354bbfd590933f18a093dd4f154b,16a5354b,opus,11,4000,70207,229251,70012,455668,829467,0,13328384,362699,16631128,10168,d43d9e4201401d1357568d71eea9a332e16ad518ed814b9a7cb9133b1fdcbe40
CHUNK,16a5354bbfd590933f18a093dd4f154b,16a5354b,opus,12,4000,70208,229250,70012,355663,729463,0,13320192,362699,16631128,10168,f654c09c0eaebcc36589e1f4c5350683520a29dee81f094b50efc0475b112122
CHUNK,16a5354bbfd590933f18a093dd4f154b,16a5354b,opus,13,4000,70210,319248,70008,365648,829462,0,13312000,362699,16631128,10168,c13ce05cfedab88484b5660b1014f0798a8796f1c071df23a49102a77c188dc6
CHUNK,16a5354bbfd590933f18a093dd4f154b,16a5354b,opus,14,4000,70213,229248,70010,445646,819468,0,13303808,362699,16631128,10168,d8ff3ea631cc5d44bc0c3aebd2d9d219871ae64f650cc40f5218f05c605f97db
CHUNK,16a5354bbfd590933f18a093dd4f154b,16a5354b,opus,15,4000,70207,249251,70011,445646,839467,0,13295616,362699,16631128,10168,015ef089e7b673ebbd7725e7dbdbd13dda2489790d5d4ee72c30a3aef79fe265
CHUNK,16a5354bbfd590933f18a093dd4f154b,16a5354b,opus,16,4000,70210,239249,70011,385649,769466,0,13287424,362699,16631128,10168,d0680a3044da110d06ce712e5641ab2bdf56e7c56ef6b3f4336bd8ef55cac012
CHUNK,16a5354bbfd590933f18a093dd4f154b,16a5354b,opus,17,4000,70211,339248,70009,365624,849463,0,13279232,362699,16631128,10168,e25345021d7595f291b3eef8e865ac1ab2474fd0afaf8610debb3e1ba8c3e1f5
CHUNK,16a5354bbfd590933f18a093dd4f154b,16a5354b,opus,18,4000,70213,249248,70011,465630,859468,0,13271040,362699,16631128,10168,9de08f2c5d5cfcd22bb62c56ced3fa36f773895192b7998f797020bd2c66e547
CHUNK,16a5354bbfd590933f18a093dd4f154b,16a5354b,opus,19,4000,70207,249251,70013,435633,829466,0,13262848,362699,16631128,10168,bfa1c3c9865b7c72d08fb91c44acbd9cdaa4de69e43427c3f0f0492d1e9dbb21
CHUNK,16a5354bbfd590933f18a093dd4f154b,16a5354b,opus,20,4000,60208,229248,60011,335636,689466,0,13254656,362699,16631128,10168,3a59adaff15daaae7aec96020d35ccd7923df74be2ffdf42e7d4d6c34700acc0
CHUNK,16a5354bbfd590933f18a093dd4f154b,16a5354b,opus,21,4000,60210,309247,60007,335618,769462,0,13246464,362699,16631128,10168,f78ed042d282c5973198e6228d8db9213f146f0ad3959a1e74e34c7019a170fd
CHUNK,16a5354bbfd590933f18a093dd4f154b,16a5354b,opus,22,4000,60210,229249,60012,415617,769465,0,13238272,362699,16631128,10168,164cc1216c96497b66ce385550df52d1bd3c38ce7046dc92de842d7ddb4d9964
CHUNK,16a5354bbfd590933f18a093dd4f154b,16a5354b,opus,23,4000,60207,219250,70014,425614,779467,0,13230080,362699,16631128,10168,a5a9070c1b3c4481c68a3070ca7eb70ccb5e3a023f0ab0ad8dafb1a1d94aed1b
CHUNK,16a5354bbfd590933f18a093dd4f154b,16a5354b,opus,24,4000,60208,219251,60008,365619,709465,0,13221888,362699,16631128,10168,c4db45644ab447e0f341173a70c582e663d998f1a22478bbcd069ce2d51d5f96
CHUNK,16a5354bbfd590933f18a093dd4f154b,16a5354b,opus,25,4000,70206,319253,70007,385597,849463,0,13213696,362699,16631128,10168,badb02da34c72deed08d90bee01bbc4041936f679b98d10221df9d20d381e5d3
CHUNK,16a5354bbfd590933f18a093dd4f154b,16a5354b,opus,26,4000,70213,239248,70010,465595,849468,0,13205504,362699,16631128,10168,dacfd7c9c23609699f45f741b1f7510bcdac6c32c9f0507aba1e28b161b40b03
CHUNK,16a5354bbfd590933f18a093dd4f154b,16a5354b,opus,27,4000,70207,239252,70012,455597,839466,0,13197312,362699,16631128,10168,7e737e8673ae8bbd376a430f86bbd0b3ae6515832a6270de36676b7a6fb01971
CHUNK,16a5354bbfd590933f18a093dd4f154b,16a5354b,opus,28,4000,70209,249251,70010,385594,779463,0,13189120,362699,16631128,10168,89f3b48fd5cc5ea44d1c39168950ab830a73d4a64a6bf29add13b5be4584bbed
CHUNK,16a5354bbfd590933f18a093dd4f154b,16a5354b,opus,29,4000,70210,319248,70008,335578,799462,0,13180928,362699,16631128,10168,73585aa991e72ef11820a3cdaefa7cb67830be0caa3744b48e40e50616dcfde8
CHUNK,16a5354bbfd590933f18a093dd4f154b,16a5354b,opus,30,4000,60213,229249,70011,435584,799469,0,13172736,362699,16631128,10168,37f26bda11ac333298cfb6ccc3dcd64cb72e840b50cc424f6134bcadf8485509
CHUNK,16a5354bbfd590933f18a093dd4f154b,16a5354b,opus,31,4000,70207,229252,70013,425583,799466,0,13164544,362699,16631128,10168,e76d625d36c366995d09c3cb3f3681cae3ebbe230997a5a32a8f837e8c635451
CHUNK,16a5354bbfd590933f18a093dd4f154b,16a5354b,opus,32,4000,60204,239256,60010,345588,709466,0,13156352,362699,16631128,10168,2ee245d767c1ae333ce8a8f79bac1748311a0c14027b101eaa88a5c21d7362db
CHUNK,16a5354bbfd590933f18a093dd4f154b,16a5354b,opus,33,4000,60206,309252,60008,345564,779461,0,13148160,362699,16631128,10168,07872167c51c15e31a4a0d990d9c45d26b91e7b1985d551c21f2dbf0aec3ee43
CHUNK,16a5354bbfd590933f18a093dd4f154b,16a5354b,opus,34,4000,70213,239249,70010,425563,809467,0,13139968,362699,16631128,10168,038c7b247fb43574d9ddc97a49ecdffa70710e8249337a76a41a492d77d33a92
CHUNK,16a5354bbfd590933f18a093dd4f154b,16a5354b,opus,35,4000,70207,239251,70013,455568,839467,0,13131776,362699,16631128,10168,0bb4ecb46efe14841972affb13951a45a6e925f3e25930ff9f9a431d499479ab
CHUNK,16a5354bbfd590933f18a093dd4f154b,16a5354b,opus,36,4000,70209,249251,70010,375565,769466,0,13123584,362699,16631128,10168,58b6b901187ed4f3c0e322d2831b00602889f6086f1907da2b718cd3aa3fc516
CHUNK,16a5354bbfd590933f18a093dd4f154b,16a5354b,opus,37,4000,70206,339252,70009,385545,869463,0,13115392,362699,16631128,10168,5036d962946921d11322b5263ee08f52c1e5e39eeb98a89faf07391cd7384ede
CHUNK,16a5354bbfd590933f18a093dd4f154b,16a5354b,opus,38,4000,70213,249249,70010,455544,849468,0,13107200,362699,16631128,10168,64072adcdb76b5fb620b22d6352d3127b81d0f90837fc4054783d1df28f2dcef
CHUNK,16a5354bbfd590933f18a093dd4f154b,16a5354b,opus,39,4000,70211,249247,70014,455545,849467,0,13099008,362699,16631128,10168,61fe2fb6c7059c24499bbfd9aafcba30a547f97b594168606916a791f1e6be2a
CHUNK,16a5354bbfd590933f18a093dd4f154b,16a5354b,opus,40,4000,60208,229251,70010,345555,709465,0,13090816,362699,16631128,10168,3097c304542f7c130cc43d530b19c1d0477d1ff1ef2cdcb3db6b74982a443ba3
CHUNK,16a5354bbfd590933f18a093dd4f154b,16a5354b,opus,41,4000,70212,319246,60010,595526,1049460,0,13078528,362699,16631128,10168,af23f215d1009661d209b1edb3a8f5d596fc9b5d5046f19c4d8a3f96af9d9bc5
CHUNK,16a5354bbfd590933f18a093dd4f154b,16a5354b,opus,42,4000,70203,319248,120004,424226,939453,0,13070336,362699,16631128,10168,0d7e12f70782ed6fb0fdfabba8ee10fc9459036398b80af3c557e97710bf44d5
CHUNK,16a5354bbfd590933f18a093dd4f154b,16a5354b,opus,43,4000,70205,239248,210011,424191,949459,0,13062144,362699,16631128,10168,5b18da49a773c996aea8fb233bd0deb4ac5871d957bb6ba5b3c1853dbf99d73b
CHUNK,16a5354bbfd590933f18a093dd4f154b,16a5354b,opus,44,4000,70207,239250,120004,524215,959461,0,13053952,362699,16631128,10168,ec8a79439e7e0764a763257c02a6535fae5089731cac10545900befdc34c2e84
CHUNK,16a5354bbfd590933f18a093dd4f154b,16a5354b,opus,45,4000,70210,229250,120004,514217,939461,0,13045760,362699,16631128,10168,04b3f839fd8f2a9a9b4bab14d1d0bebf4e53082606c948c82ae570fcaae976bf
CHUNK,16a5354bbfd590933f18a093dd4f154b,16a5354b,opus,46,4000,70212,229246,120007,514205,939463,0,13037568,362699,16631128,10168,58deebc5200d6cad6866fb7045604ea208cf7110cf743ffcafeb1abec7f87f16
CHUNK,16a5354bbfd590933f18a093dd4f154b,16a5354b,opus,47,4000,70207,239250,120008,534203,969463,0,13029376,362699,16631128,10168,aee95f4f94b4dd35ebe3cbd1f817b438ed5ab70f7b1faadf1613a332f19f0d57
CHUNK,16a5354bbfd590933f18a093dd4f154b,16a5354b,opus,48,4000,70211,239243,120007,424200,859462,0,13021184,362699,16631128,10168,1d755960d2ff5f47e9d37b910e847addc5489954568c04250848d8eb9e3c26f2
CHUNK,16a5354bbfd590933f18a093dd4f154b,16a5354b,opus,49,4000,70208,309253,120002,414194,919463,0,13012992,362699,16631128,10168,5308df48ee094f3a38ed215dd277226c64314489d42f118a2044eecda4d3a435
CHUNK,16a5354bbfd590933f18a093dd4f154b,16a5354b,opus,50,4000,70212,319244,120006,414189,929458,0,13004800,362699,16631128,10168,eeb7b62d6de52996f287aeb403ae4d51bc372aea58a79abce3b7356c778ab3a0
CHUNK,16a5354bbfd590933f18a093dd4f154b,16a5354b,opus,51,4000,70207,219252,200006,414164,909462,0,12996608,362699,16631128,10168,ffe3b02e15bcecac3ac897831ec8cb5df59e7bd24fb2a13c35ccc71b7b777657
CHUNK,16a5354bbfd590933f18a093dd4f154b,16a5354b,opus,52,4000,70212,229244,120005,504183,929458,0,12988416,362699,16631128,10168,810d8a7f6d101b7c646f505beb1def606ab27edaa412a1e9544247a91d1c6263
CHUNK,16a5354bbfd590933f18a093dd4f154b,16a5354b,opus,53,4000,70211,239246,120007,524186,959464,0,12980224,362699,16631128,10168,38316f87566c2e7496b30580ae742358661d030c54cffa2ab24e883da586b266
CHUNK,16a5354bbfd590933f18a093dd4f154b,16a5354b,opus,54,4000,70212,249246,120007,514172,959462,0,12972032,362699,16631128,10168,1f2e00bcb8c6c02c16377a67fad502b0f81901f1c61977adc6e6062682b84b11
CHUNK,16a5354bbfd590933f18a093dd4f154b,16a5354b,opus,55,4000,70208,239249,120008,544175,979464,0,12963840,362699,16631128,10168,e71b2e18e7ea7c103a69e3ec1cb29b4c6b854156ef72f12a410b39b34cda9aed
CHUNK,16a5354bbfd590933f18a093dd4f154b,16a5354b,opus,56,4000,70212,249245,140006,454168,919462,0,12955648,362699,16631128,10168,1a8c03e7f0212cea244bb8f86fba62a389331d24528ffeb310292628d090e22e
CHUNK,16a5354bbfd590933f18a093dd4f154b,16a5354b,opus,57,4000,70207,309255,120001,414157,919461,0,12947456,362699,16631128,10168,2d2f46a55ea76e451615063e542484346b628370fd7d9499a5d6d0016bca27f2
CHUNK,16a5354bbfd590933f18a093dd4f154b,16a5354b,opus,58,4000,70212,319246,120003,444156,959461,0,12939264,362699,16631128,10168,ce7e7d88cd9cccfbae97cb6002fcbdc651d1b0ee4a6112b2758c3127e9974ade
CHUNK,16a5354bbfd590933f18a093dd4f154b,16a5354b,opus,59,4000,80209,229250,200008,454120,969462,0,12931072,362699,16631128,10168,8aa9dc3ad54413f477add867d10a70a26c12c8db962f4a5b3f47b1d56cd4fecc
CHUNK,16a5354bbfd590933f18a093dd4f154b,16a5354b,opus,60,4000,80212,229245,140006,524155,979461,0,12922880,362699,16631128,10168,a7078de998212eda1ee4ed1c5f879028d3a255dfc6d76cc93bc0a283f777a758
CHUNK,16a5354bbfd590933f18a093dd4f154b,16a5354b,opus,61,4000,80211,229248,130007,554154,999463,0,12914688,362699,16631128,10168,03ea4981693cdf3ab1e829db61d8339a037f30ae68fcfc7aefa1283dd46ae4eb
CHUNK,16a5354bbfd590933f18a093dd4f154b,16a5354b,opus,62,4000,80213,249245,140007,544142,1019462,0,12906496,362699,16631128,10168,14172a144402c34b3b60e1ec71ae8824f605d11055d7d4ade3faa2e26eb013b5
CHUNK,16a5354bbfd590933f18a093dd4f154b,16a5354b,opus,63,4000,80210,249250,140006,544142,1019463,0,12898304,362699,16631128,10168,cab4128722ea11a86a640454bce415f6338607afdca75d510366173f54469d24
CHUNK,16a5354bbfd590933f18a093dd4f154b,16a5354b,opus,64,4000,80212,239245,140005,474139,939463,0,12890112,362699,16631128,10168,c4e07ab2b385ac68fb19c298688192f92196fc5b433f6a8451c046002b4cf0db
CHUNK,16a5354bbfd590933f18a093dd4f154b,16a5354b,opus,65,4000,80210,329252,130001,434129,979462,0,12881920,362699,16631128,10168,3f2773f65e67a68cc0b3211f76f005b042ce0ce56607ce759266c1ae3f72a0cd
CHUNK,16a5354bbfd590933f18a093dd4f154b,16a5354b,opus,66,4000,70212,309246,120004,444124,949461,0,12873728,362699,16631128,10168,65e88cad2273cc936961ee44c64a2d5eb4999467a373b8abc5b19b7f2107b107
CHUNK,16a5354bbfd590933f18a093dd4f154b,16a5354b,opus,67,4000,70207,219253,200007,434090,929464,0,12865536,362699,16631128,10168,24f7cdcae4fbc01c3d37b547bc0dccfcca14e594aab8f53c3cb7fb191bda6baa
CHUNK,16a5354bbfd590933f18a093dd4f154b,16a5354b,opus,68,4000,70212,229245,120007,534115,959460,0,12857344,362699,16631128,10168,c2106d92f3f49ad67df18e4507ddd86b1b18125e3318b10f9bb88eb16b3bc876
CHUNK,16a5354bbfd590933f18a093dd4f154b,16a5354b,opus,69,4000,80211,229248,140005,534115,989462,0,12849152,362699,16631128,10168,4e6bcb22f96ec8d6786cb1edd567683bafba7d7ef43f083eda24765e0fae27cd
CHUNK,16a5354bbfd590933f18a093dd4f154b,16a5354b,opus,70,4000,70212,249246,140004,554114,1019462,0,12840960,362699,16631128,10168,0f49940b2aac76a0e6807b67433b309c3400109d236331130b72df391587b598
CHUNK,16a5354bbfd590933f18a093dd4f154b,16a5354b,opus,71,4000,80211,249248,140009,534109,1009463,0,12832768,362699,16631128,10168,e167d5b0c8c4709c4f9602a4590acd3035ed055182930fbe6dc2768ea78ee6f2
CHUNK,16a5354bbfd590933f18a093dd4f154b,16a5354b,opus,72,4000,80212,239245,140005,474107,939462,0,12824576,362699,16631128,10168,be24d138924c0d1fe8564c2791e13a31f37f1a5d5892e21db60c4acdb86e20e7
CHUNK,16a5354bbfd590933f18a093dd4f154b,16a5354b,opus,73,4000,80209,329252,140004,464096,1019462,0,12816384,362699,16631128,10168,fcb3968007a6ad400da9ce7c3620e396da7676d01bec188962f66b13e0376464
CHUNK,16a5354bbfd590933f18a093dd4f154b,16a5354b,opus,74,4000,80212,299246,130004,444091,959460,0,12808192,362699,16631128,10168,98b623cc42aa535cb05efdc8c6301e358049518b28e0fbb444039520092324c9
CHUNK,16a5354bbfd590933f18a093dd4f154b,16a5354b,opus,75,4000,80210,229246,220011,454059,989464,0,12800000,362699,16631128,10168,ecbc1277480b2962b515e79636949b17c9823a6d9b95aa4a08fb209b7af86bb6
CHUNK,16a5354bbfd590933f18a093dd4f154b,16a5354b,opus,76,4000,80209,229245,140004,534091,989458,0,12791808,362699,16631128,10168,5ec03344e48bdcc2e173e929f7e4b871d548a8169ecaf0d323b2ee10f399ab27
CHUNK,16a5354bbfd590933f18a093dd4f154b,16a5354b,opus,77,4000,80211,239249,140006,524083,989463,0,12783616,362699,16631128,10168,b8c566cbe6fcc450adca1d0329c47b06690b0a12524876fe41118ea942e42c5b
CHUNK,16a5354bbfd590933f18a093dd4f154b,16a5354b,opus,78,4000,80212,239246,120003,534076,979461,0,12775424,362699,16631128,10168,f30e8d0fa0b5fa3ec30ed11b5c8d3cc7f2e86eda7e6b1ccedeefb84d7575f2b3
CHUNK,16a5354bbfd590933f18a093dd4f154b,16a5354b,opus,79,4000,80211,249249,140006,564070,1039461,0,12767232,362699,16631128,10168,234a46151dd82db3c082de448e68188b30150c11f0f4fd98ec491bcb50a518d5
CHUNK,16a5354bbfd590933f18a093dd4f154b,16a5354b,opus,80,4000,80212,249243,140005,464077,939462,0,12759040,362699,16631128,10168,b1ae873dc908330ab266b936fe0da8141cd700993cf2fa9965dde3235638d1d2
CHUNK,16a5354bbfd590933f18a093dd4f154b,16a5354b,opus,81,4000,80209,329253,140003,464065,1019463,0,12750848,362699,16631128,10168,84e13d8ad2434bc611437d740f0cf1780fc9ffd17a7cfeec744fbbf079c00bdd
CHUNK,16a5354bbfd590933f18a093dd4f154b,16a5354b,opus,82,4000,80214,319247,140003,434060,979461,0,12742656,362699,16631128,10168,fab56850fad2aa5635873c21866c084d763065177571fe9d172c024a4dd8bc26
CHUNK,16a5354bbfd590933f18a093dd4f154b,16a5354b,opus,83,4000,70209,219250,200007,724034,1219464,0,12730368,362699,16631128,10168,e6917f64e1953efe3966a1b52a546e8ad6a3bb5d98a74a86c47dfaed498a4991
CHUNK,16a5354bbfd590933f18a093dd4f154b,16a5354b,opus,84,4000,70203,309248,140004,442758,969453,0,12722176,362699,16631128,10168,d127bf311a6a9e364ecb3862c7418b3c6fbf8097442ac43ae5035e646254c5c0
CHUNK,16a5354bbfd590933f18a093dd4f154b,16a5354b,opus,85,4000,70203,309253,140005,442752,969460,0,12713984,362699,16631128,10168,04861481f2def8c51192b12c8b65f5c24e198e5d8c6aaab758c199b4b51a390e
CHUNK,16a5354bbfd590933f18a093dd4f154b,16a5354b,opus,86,4000,70209,229246,210009,442709,959461,0,12705792,362699,16631128,10168,061d85713999d71b48d668ec1b92f5930fcbc58a63349f82259457b27a0ce845
CHUNK,16a5354bbfd590933f18a093dd4f154b,16a5354b,opus,87,4000,80207,249252,150008,572741,1059464,0,12697600,362699,16631128,10168,322513e2436e285cb7b01b0aa559e552622b082235d7445b18b643e060ed83a0
CHUNK,16a5354bbfd590933f18a093dd4f154b,16a5354b,opus,88,4000,80212,239246,150004,572734,1049461,0,12689408,362699,16631128,10168,16a6a593380cd8f4fb201fc454102b620c246f7dfb0b25f083d1d8c626018eaf
CHUNK,16a5354bbfd590933f18a093dd4f154b,16a5354b,opus,89,4000,80213,259248,150006,572730,1069465,0,12681216,362699,16631128,10168,3bf12bf055fa78aab7024417d57350476ba5a09a9a5e89c5ac7f78b4294eb748
CHUNK,16a5354bbfd590933f18a093dd4f154b,16a5354b,pcm,0,134400,1519836,242255,150009,374456,2352096,1,13254656,362699,16631128,10168,fa633dc930a7f8f2725a6620dbdbfe94523b336d386f9b572521e7612cd868bb
CHUNK,16a5354bbfd590933f18a093dd4f154b,16a5354b,pcm,1,134400,1555552,242255,70001,454492,2387809,1,13115392,362699,16631128,10168,55a4b2ee50b3a7b29a9fc07ee445959c6a42ef0135c3d71da3423c7d85f55810
CHUNK,16a5354bbfd590933f18a093dd4f154b,16a5354b,pcm,2,134400,1515564,222255,60002,344466,2207821,1,12976128,362699,16631128,10168,f263ae63bc1d43ab0ee2091a063bb7716df4d9f3beccbbe419205300b8e00f58
CHUNK,16a5354bbfd590933f18a093dd4f154b,16a5354b,pcm,3,134400,1525571,322254,70007,384468,2367830,1,12836864,362699,16631128,10168,7751f5da10620bd3e01f8a2337dbb125a521fc2d10924ce8c944b0f83b47089d
CHUNK,16a5354bbfd590933f18a093dd4f154b,16a5354b,pcm,4,134400,1525566,232254,140009,354463,2317825,1,12697600,362699,16631128,10168,3664c01e5aa2957dc53dcab732c44930617e959f3d58cdeaca90e89600f4cbe3
CHUNK,16a5354bbfd590933f18a093dd4f154b,16a5354b,pcm,5,134400,1525565,232252,60007,434459,2317819,1,12558336,362699,16631128,10168,c65d281d4eb41992b297454fec2f01a1ea9c681b87f184d7efa3f6c6f5d7d120
CHUNK,16a5354bbfd590933f18a093dd4f154b,16a5354b,pcm,6,134400,1545586,242227,70005,394456,2317818,1,12419072,362699,16631128,10168,9beb8d2f9d7b50641631e029aaa9220bfbc7ca25b8aa678d02169e7286d52389
CHUNK,16a5354bbfd590933f18a093dd4f154b,16a5354b,pcm,7,134400,1555572,312255,60007,344464,2337831,1,12279808,362699,16631128,10168,f49531319ae4dda93a41ec41aea2eda48943dfb2c8f61f1fa3dbee6faf3c2cf5
CHUNK,16a5354bbfd590933f18a093dd4f154b,16a5354b,pcm,8,134400,1525566,232254,150008,384444,2357825,1,12140544,362699,16631128,10168,5ca0339dc83762eb1b59e4b21e44139caf417b88ff9c88af5eb733285a5e2cdb
CHUNK,16a5354bbfd590933f18a093dd4f154b,16a5354b,pcm,9,134400,1515565,242253,70008,474445,2367822,1,12001280,362699,16631128,10168,04b187c79172a432040a19086ca06051522b8ef35031d7353ee61d82181e6e5e
CHUNK,16a5354bbfd590933f18a093dd4f154b,16a5354b,pcm,10,134400,1525547,232254,70006,354436,2247805,1,11862016,362699,16631128,10168,ccea2ae8d2fcc6bd105dc823bb1fd6dce02cf4c9ee4345a90d6ac75a4983a3e0
CHUNK,16a5354bbfd590933f18a093dd4f154b,16a5354b,pcm,11,134400,1515551,332253,70009,384439,2367808,1,11722752,362699,16631128,10168,75595afad3146a1be161751d66c9dfb3388f5e9e6f2319e6c7c4789a59a10463
CHUNK,16a5354bbfd590933f18a093dd4f154b,16a5354b,pcm,12,134400,1535552,242255,140008,384423,2367811,1,11583488,362699,16631128,10168,55a799a6cd71c49682a914690329a0ef2f2cb41974aa021fe5da92d6e3a117a7
CHUNK,16a5354bbfd590933f18a093dd4f154b,16a5354b,pcm,13,134400,1515544,242252,60007,434434,2317801,1,11444224,362699,16631128,10168,c0b7b9f1342236eb7ef8a0165c23f016af157ab8a163d11e217519eb2b6ebea1
CHUNK,16a5354bbfd590933f18a093dd4f154b,16a5354b,pcm,14,134400,1535544,242255,70004,394414,2307802,1,11304960,362699,16631128,10168,4d9fb0a1fa15f16cffd4f5c50013a5f620513adece359da5c5ef75a5600d656b
CHUNK,16a5354bbfd590933f18a093dd4f154b,16a5354b,pcm,15,134400,1555550,302252,60007,354423,2337809,1,11165696,362699,16631128,10168,cb98350d256206b1b8aea70f1a778c0f2f8b81a62859f61b435a2011e4b9520a
CHUNK,16a5354bbfd590933f18a093dd4f154b,16a5354b,pcm,16,134400,1505545,232254,140007,354404,2297801,1,11026432,362699,16631128,10168,55db27f2fc62fb89aa9e8d033d1e641d862860022f2c2c856021d440b390ad3a
CHUNK,16a5354bbfd590933f18a093dd4f154b,16a5354b,pcm,17,134400,1525544,242254,70009,464409,2367800,1,10887168,362699,16631128,10168,17fcd2f6c7dc2e7ab3da7049f34f0750835cbc1fa9a30a4fe140278393dcc1e2
CHUNK,16a5354bbfd590933f18a093dd4f154b,16a5354b,pcm,18,134400,1535538,222251,60007,344396,2227795,1,10747904,362699,16631128,10168,c0026f3e509624c276c5bcee5f28ba9420a7de01e17e88d537b554f0999897b6
CHUNK,16a5354bbfd590933f18a093dd4f154b,16a5354b,pcm,19,134400,1545551,302252,60007,374400,2347809,1,10608640,362699,16631128,10168,7898e46e8818b91b89813c9257370994e4b7e31b615458f2bd07376034bcb8a6
CHUNK,16a5354bbfd590933f18a093dd4f154b,16a5354b,pcm,20,134400,1535546,242254,150008,374391,2367804,1,10469376,362699,16631128,10168,4202d86796be223c43ecd1172eb95d132315ec9487029bfa2fe62437bdb08d11
CHUNK,16a5354bbfd590933f18a093dd4f154b,16a5354b,pcm,21,134400,1515545,222252,60006,434397,2297800,1,10330112,362699,16631128,10168,d83feb3f28a4934bd5ca1727ffdea4c1a95b64a57ae73e06936404957645d6fa
CHUNK,16a5354bbfd590933f18a093dd4f154b,16a5354b,pcm,22,134400,1535545,242254,70005,394390,2307804,1,10190848,362699,16631128,10168,6ed59e09f3012a2859cda650a5fcef1b4847fd96e0d67a66422441d7c4adb72d
CHUNK,16a5354bbfd590933f18a093dd4f154b,16a5354b,pcm,23,134400,1535552,322254,70008,364395,2357808,1,10051584,362699,16631128,10168,983550299a8387463d281696c4febe25d498ef759ede451078d99edf3a365110
CHUNK,16a5354bbfd590933f18a093dd4f154b,16a5354b,pcm,24,134400,1575553,232251,140011,364368,2377809,1,9912320,362699,16631128,10168,d4be1134555c060b6e90caf51efa8911840d8d606181cded8dd56089f5c045d0
CHUNK,16a5354bbfd590933f18a093dd4f154b,16a5354b,pcm,25,134400,1525554,232251,70009,434388,2327810,1,9773056,362699,16631128,10168,b9b437a479fcc1b61c2d5ca41c312beece42d91354766fe28a4b4f27d1e928b6
CHUNK,16a5354bbfd590933f18a093dd4f154b,16a5354b,pcm,26,134400,1535547,222255,60002,364363,2247806,1,9633792,362699,16631128,10168,eb3fc3e394d44f2821a199a0945a6cd0c11e24dcd0be110fd235b7482e811e0e
CHUNK,16a5354bbfd590933f18a093dd4f154b,16a5354b,pcm,27,134400,1515547,312252,60007,354374,2307805,1,9494528,362699,16631128,10168,ace48c10789c2a4c6c7e45e43925ffec166d79288d41e4a7bfd05235d7bb90c1
CHUNK,16a5354bbfd590933f18a093dd4f154b,16a5354b,pcm,28,134400,1525549,242255,140007,384346,2357807,1,9355264,362699,16631128,10168,bb081b2b007d332fd8491ba512a4e6a1a0cf756c24dd1bcfdfebc290a82c6540
CHUNK,16a5354bbfd590933f18a093dd4f154b,16a5354b,pcm,29,134400,1545554,242255,70007,444355,2367808,1,9216000,362699,16631128,10168,0d524a06c65f43ed003636d0afd4b3a4479a78bcf83554f62b1fba4f42f528ce
CHUNK,16a5354bbfd590933f18a093dd4f154b,16a5354b,pcm,30,134400,1485549,222253,60004,384362,2217807,1,9076736,362699,16631128,10168,d4e3694851b7b686876fece8d62cad1f9da5575885d5cee6482575ce92fc4a12
CHUNK,16a5354bbfd590933f18a093dd4f154b,16a5354b,pcm,31,134400,1395555,312253,70006,384348,2227812,1,8937472,362699,16631128,10168,d0b6b593acc1f103014af66556ad187c4ccc0c8d87ee49ba226e59055fea6e1e
CHUNK,16a5354bbfd590933f18a093dd4f154b,16a5354b,pcm,32,134400,1195550,222254,140007,354340,1977807,0,8798208,362699,16631128,10168,c34f36f601a92db31b1a916ea32644efc5f71bf64a95eae731ad3e521a75cd14
CHUNK,16a5354bbfd590933f18a093dd4f154b,16a5354b,pcm,33,134400,1205547,232254,70007,464352,2037804,1,8658944,362699,16631128,10168,eec9cfdd765f481da5c8bd92a0c5374d2dfaaba9123a2838e82fa6fa223ba6b5
CHUNK,16a5354bbfd590933f18a093dd4f154b,16a5354b,pcm,34,134400,1205541,232253,70006,384327,1957799,0,8519680,362699,16631128,10168,bf7dce264e301fba1a67b923ace94f9ad8bb6970c67be0b38728a6b100eedf58
CHUNK,16a5354bbfd590933f18a093dd4f154b,16a5354b,pcm,35,134400,1195554,292255,70007,344331,1967811,0,8380416,362699,16631128,10168,bcdcb970ab749c909ef30cfed255068c8f7f66eef5774c22744794e8c6bd99bb
CHUNK,16a5354bbfd590933f18a093dd4f154b,16a5354b,pcm,36,134400,1236730,221073,150005,374330,2047806,1,8241152,362699,16631128,10168,3261813ede26ab24fddd23f162054941d3f63aceecd7fc0501639d6a830561f9
CHUNK,16a5354bbfd590933f18a093dd4f154b,16a5354b,pcm,37,134400,1025548,232253,70007,444331,1837804,0,8101888,362699,16631128,10168,06d8d2e9fb265eb0bd46167ccf6ec09fd3b75ce2409459250587048ad30e6eaf
CHUNK,16a5354bbfd590933f18a093dd4f154b,16a5354b,pcm,38,134400,1035547,232253,70005,364327,1767804,0,7962624,362699,16631128,10168,4a8d379e1bed84412d18b8b863bda833ae918508f66bc2bdfe223a1f7c740f51
CHUNK,16a5354bbfd590933f18a093dd4f154b,16a5354b,pcm,39,134400,1175554,312252,70008,384337,2007811,1,7823360,362699,16631128,10168,f3863fea306c595e5b1151f7b09ac0e54d33c217961e1412c69af0cadf13567b
CHUNK,16a5354bbfd590933f18a093dd4f154b,16a5354b,pcm,40,134400,1205555,212253,140009,354320,1977812,0,7684096,362699,16631128,10168,7263461374c36e969a1024715b35ff4b5d5d8becf8c26c27b7fbae3ebfc33a88
CHUNK,16a5354bbfd590933f18a093dd4f154b,16a5354b,pcm,41,134400,1205550,222254,70007,704327,2267806,1,7540736,362699,16631128,10168,4d6608faa05625769f0236fa0ce11183a0cd26ea63922a880cc4892e9c581c55
CHUNK,16a5354bbfd590933f18a093dd4f154b,16a5354b,pcm,42,134400,1205537,222255,120003,512994,2127792,1,7401472,362699,16631128,10168,7f6cee4dee5bf7d7d2aadb829d2a13251a463b2e7a5ee884381626acc080a08a
CHUNK,16a5354bbfd590933f18a093dd4f154b,16a5354b,pcm,43,134400,1205537,212251,120008,502999,2107793,1,7262208,362699,16631128,10168,2a3421ed84c9e8809ce9c0b78376b2511a7389d11f844dcc9a3528d674abccd1
CHUNK,16a5354bbfd590933f18a093dd4f154b,16a5354b,pcm,44,134400,1045539,232253,140004,532990,2017795,1,7122944,362699,16631128,10168,073f43267091c4e157a1240f37a2a196f651c78ba032b3f765a7383b20b1155d
CHUNK,16a5354bbfd590933f18a093dd4f154b,16a5354b,pcm,45,134400,1115544,232252,140004,432984,1987798,0,6983680,362699,16631128,10168,cbc0b508eef96028711366f6856ac68e2ca17f625f699e44109ee714a70a27af
CHUNK,16a5354bbfd590933f18a093dd4f154b,16a5354b,pcm,46,134400,1145555,292251,120007,412975,2037809,1,6844416,362699,16631128,10168,df302326b25074c9b1c5258e64ebf26f3328897c20d1a2471eb3aac5b49106c0
CHUNK,16a5354bbfd590933f18a093dd4f154b,16a5354b,pcm,47,134400,1205553,302252,140004,462970,2177809,1,6705152,362699,16631128,10168,6b40567575276ef77aa7016d984f0155928fd0feb87f5d80e5f775f48b8086c2
CHUNK,16a5354bbfd590933f18a093dd4f154b,16a5354b,pcm,48,134400,1205552,212252,200006,432951,2117807,1,6565888,362699,16631128,10168,8d989a9cc414af452edb7f2ea46c76b2940cd82d0967630964ad4d1f82d10046
CHUNK,16a5354bbfd590933f18a093dd4f154b,16a5354b,pcm,49,134400,1205555,232255,140002,552961,2197811,1,6426624,362699,16631128,10168,ba409a6e98c8c51e3b59426bbb18a31a5a1393d0ee862421d6b6364bca0ad0e0
CHUNK,16a5354bbfd590933f18a093dd4f154b,16a5354b,pcm,50,134400,1205534,232253,140005,532981,2177790,1,6287360,362699,16631128,10168,c4384e1582a1f7b59fedf5d2c1d676c420384a62ac71f0924ee8e6ef656a4589
CHUNK,16a5354bbfd590933f18a093dd4f154b,16a5354b,pcm,51,134400,1272448,215347,120004,502951,2177796,1,6148096,362699,16631128,10168,4cdd601c7531529388b9e733d4cfee4717ad065db4b4b41fece79c7674b8d1d1
CHUNK,16a5354bbfd590933f18a093dd4f154b,16a5354b,pcm,52,134400,965538,232254,140003,532957,1937793,0,6008832,362699,16631128,10168,0f8f254075aa6d1cb72df6059d359d02ff2df21aba355fd1cf876b45ddff4f57
CHUNK,16a5354bbfd590933f18a093dd4f154b,16a5354b,pcm,53,134400,1195544,232254,140003,452951,2087799,1,5869568,362699,16631128,10168,6d4695ed8b3847713ed17206e347fc3e6fc8b8070b73736ae6a8d4ed0cc67ba9
CHUNK,16a5354bbfd590933f18a093dd4f154b,16a5354b,pcm,54,134400,1175547,292253,120005,442935,2097799,1,5730304,362699,16631128,10168,5233fe72cf4753c1e0477ae33bb4b20befe9549e4c430ba07c3eff99528dbf24
CHUNK,16a5354bbfd590933f18a093dd4f154b,16a5354b,pcm,55,134400,1205559,302255,120003,442940,2137815,1,5591040,362699,16631128,10168,70eaeaa50ba95c90316c00170a6928d6afc5758fd355b7bc6ab0302645c91765
CHUNK,16a5354bbfd590933f18a093dd4f154b,16a5354b,pcm,56,134400,1215550,212253,200007,432923,2127805,1,5451776,362699,16631128,10168,774c622c7ab2e228882b7a4d3e652c30f7237a958f4a51fd977d8b9721328690
CHUNK,16a5354bbfd590933f18a093dd4f154b,16a5354b,pcm,57,134400,1195555,242255,140003,552943,2197812,1,5312512,362699,16631128,10168,1f8afb7aac1ab83ccf86a53307de9d1160d0125ffb2b55176d28f1e69fd31fa4
CHUNK,16a5354bbfd590933f18a093dd4f154b,16a5354b,pcm,58,134400,1325450,242254,140005,542939,2317705,1,5173248,362699,16631128,10168,9a5db029fde2d07becf109df0b66bfa588148999ef43cd7ed5795ddc4e9d4d7a
CHUNK,16a5354bbfd590933f18a093dd4f154b,16a5354b,pcm,59,134400,1125610,212186,120000,502925,2027798,1,5033984,362699,16631128,10168,7f36c7f541319f653d4621d005b4c892f8937cdf8ef191e2c60efde3f062e22a
CHUNK,16a5354bbfd590933f18a093dd4f154b,16a5354b,pcm,60,134400,1125454,232254,140005,552937,2117710,1,4894720,362699,16631128,10168,b5080876168bf54309f9540e08316fccbe9164bd9b748362fb3a438a1fa57da3
CHUNK,16a5354bbfd590933f18a093dd4f154b,16a5354b,pcm,61,134400,1195542,232254,140003,472919,2107797,1,4755456,362699,16631128,10168,7f6e2da418200d3d7267b310d6b542bd1c6d70ae5b4401bee9a180b9ec8d1ab0
CHUNK,16a5354bbfd590933f18a093dd4f154b,16a5354b,pcm,62,134400,1185548,322253,140006,472910,2187803,1,4616192,362699,16631128,10168,ce7420ca4761f53220cf6b97fbb32f297aa76cd655ed1909eb244ee3ce94e6e7
CHUNK,16a5354bbfd590933f18a093dd4f154b,16a5354b,pcm,63,134400,1215552,312254,140004,472911,2207808,1,4476928,362699,16631128,10168,974a951bded41e735cb1953118ecdcadeb844dc9ccc08f966c15eaf83fd48d1f
CHUNK,16a5354bbfd590933f18a093dd4f154b,16a5354b,pcm,64,134400,1215550,232254,210006,462893,2187807,1,4337664,362699,16631128,10168,0c00e3b649fccd36f45de44b10460b3cef0da91f75a63c8e12f1e5e0270c85e8
CHUNK,16a5354bbfd590933f18a093dd4f154b,16a5354b,pcm,65,134400,1225555,232255,140003,552907,2217811,1,4198400,362699,16631128,10168,a8404ad9a02c83bfc22ea7aec249fcf23092c6b26611483b430ef9f084ddd5b7
CHUNK,16a5354bbfd590933f18a093dd4f154b,16a5354b,pcm,66,134400,1436537,221181,140004,552903,2417718,1,4059136,362699,16631128,10168,92623d216c3700b8708175ef5714c4795bd2d3eb10ca604697af19f4428f706e
CHUNK,16a5354bbfd590933f18a093dd4f154b,16a5354b,pcm,67,134400,926707,231018,120003,512886,1857727,0,3919872,362699,16631128,10168,cfd06ef2f3dde030f0494717c50dd975341c8ae215445422b6abc5761b36c965
CHUNK,16a5354bbfd590933f18a093dd4f154b,16a5354b,pcm,68,134400,1185469,232253,140006,542891,2167724,1,3780608,362699,16631128,10168,ab2ab9a5eb3c08632e8a38f3d5a98c92c0e85402ba1e69c254d4933e1e577755
CHUNK,16a5354bbfd590933f18a093dd4f154b,16a5354b,pcm,69,134400,1205472,232253,140004,472882,2117727,1,3641344,362699,16631128,10168,5425f6dd842d853a270f29a59bbd7de3be753a8e76d9b1829813aa249356c1ba
CHUNK,16a5354bbfd590933f18a093dd4f154b,16a5354b,pcm,70,134400,1185470,312255,140003,472880,2177727,1,3502080,362699,16631128,10168,0d3ebfb72eddfa92f34abdf8751da9f2d28f59b77ec7c4ebdbf0f88b08a49714
CHUNK,16a5354bbfd590933f18a093dd4f154b,16a5354b,pcm,71,134400,1205475,312254,140003,472881,2197731,1,3362816,362699,16631128,10168,05f55854a5296e71f2d334abac458b93491358536297100da4e339d8fb680885
CHUNK,16a5354bbfd590933f18a093dd4f154b,16a5354b,pcm,72,134400,1215473,232254,200007,452854,2167730,1,3223552,362699,16631128,10168,bf67abf4a3d0026d63e86409a73a746566c6d1cac7ca05348e8723e314f046e9
CHUNK,16a5354bbfd590933f18a093dd4f154b,16a5354b,pcm,73,134400,2175479,232253,140003,542216,3157734,1,3084288,362699,16631128,10168,11ec0c2377a1afa2cdc2dcca24d305b1b712840654328c4d3d5ee9fe55d5dac3
CHUNK,16a5354bbfd590933f18a093dd4f154b,16a5354b,pcm,74,134400,1205476,212253,140005,532868,2157731,1,2945024,362699,16631128,10168,86aab8822f63d835a39a85190b274e4b2ac6307344e2ce78f1e143838b2c3a79
CHUNK,16a5354bbfd590933f18a093dd4f154b,16a5354b,pcm,75,134400,995483,212253,140003,452861,1867739,0,2805760,362699,16631128,10168,c002a77d42accb65080e010fea2a9c1b0ccd9786fd6e7401a9af4ffb3840d764
CHUNK,16a5354bbfd590933f18a093dd4f154b,16a5354b,pcm,76,134400,1195483,302253,140006,452844,2157736,1,2666496,362699,16631128,10168,09907f7cccc43c59baff8f43523d7c8da4488433199a20ef26f3dfa453768e58
CHUNK,16a5354bbfd590933f18a093dd4f154b,16a5354b,pcm,77,134400,1205486,292253,140002,452848,2157740,1,2527232,362699,16631128,10168,573876aeb3b5fd019d07d8366620be1c4291792889969d36f445c4639b2c434b
CHUNK,16a5354bbfd590933f18a093dd4f154b,16a5354b,pcm,78,134400,1205484,222255,220006,462830,2177741,1,2387968,362699,16631128,10168,e126301bfe93eefd2a23a5507d4b46d3921dc428725617fad640bf7336e0444a
CHUNK,16a5354bbfd590933f18a093dd4f154b,16a5354b,pcm,79,134400,1205489,222253,140005,532850,2167746,1,2248704,362699,16631128,10168,171cef2fc4b9ad8a684595b519b1cdf390f7434ccf5fcd639da31e2cc1f1329a
CHUNK,16a5354bbfd590933f18a093dd4f154b,16a5354b,pcm,80,134400,1225488,212253,130004,542859,2177744,1,2109440,362699,16631128,10168,4e2f79c5c71a70de287f4f462e4486121a4f14d9eed31faff93c7c5248eefa7b
CHUNK,16a5354bbfd590933f18a093dd4f154b,16a5354b,pcm,81,134400,1455495,212253,140003,542835,2417751,1,1970176,362699,16631128,10168,134069b50c944f47c4f5041f1ec2b7a200672cf773222a91c2e3c03234f7afbd
CHUNK,16a5354bbfd590933f18a093dd4f154b,16a5354b,pcm,82,134400,1015492,232253,140006,542837,1997748,0,1830912,362699,16631128,10168,8710e8acc7fbd9b23d91e984da9ddbeee1d564e6c988e1b708975b40f4fbffe9
CHUNK,16a5354bbfd590933f18a093dd4f154b,16a5354b,pcm,83,134400,1105497,232253,140005,952832,2497753,1,1687552,362699,16631128,10168,2caeda3beea6330ee7e1cd59e183a6b28d5727294a94da76c7b372b6663f1672
CHUNK,16a5354bbfd590933f18a093dd4f154b,16a5354b,pcm,84,134400,1195489,232254,140005,511534,2147744,1,1548288,362699,16631128,10168,c2819d22a64c5d4470d3ad4b115b040420bceeae297e69e921a688edde093bb5
CHUNK,16a5354bbfd590933f18a093dd4f154b,16a5354b,pcm,85,134400,1195499,202254,130003,511521,2107755,1,1409024,362699,16631128,10168,3562a977e6043d8cfeb8f3e38186ceef87b09a748868edaec59a8260f83b88c1
CHUNK,16a5354bbfd590933f18a093dd4f154b,16a5354b,pcm,86,134400,1205498,222252,130003,451523,2077754,1,1269760,362699,16631128,10168,85c7862c0d848457edf580e0a35c3e67f9f632bacc23df317b93c9f68a6c9cc6
CHUNK,16a5354bbfd590933f18a093dd4f154b,16a5354b,pcm,87,134400,1275505,222251,150006,491505,2207760,1,1130496,362699,16631128,10168,68d089d2f2b3675916798c7348cb339085cea067025ad9b7695f6a322abf5cbe
CHUNK,16a5354bbfd590933f18a093dd4f154b,16a5354b,pcm,88,134400,1225502,312254,150003,491509,2247757,1,991232,362699,16631128,10168,0e3fd4f3eda4f82011bba941231f0a48812b2fd4af6041015dc87ece44125377
CHUNK,16a5354bbfd590933f18a093dd4f154b,16a5354b,pcm,89,134400,1205510,302255,150003,481494,2207763,1,851968,362699,16631128,10168,f02fbf2e6e969b14d581a821d9fec60d6a1ab48ec50d5d8a8d6d933824cdb358
